{
    "iter_start": 71,
    "iter_max": 149,
    "k.dat": [
        17.942502597390725,
        0.03538730249207578
    ],
    "n.dat": [
        0.8350183554741232,
        0.0009627107236882619
    ],
    "docc.dat": [
        0.07566964414051774,
        0.00025679916423713235
    ],
    "sign.dat": [
        1.0000000000007203,
        2.220446049250313e-16
    ]
}