{
    "NMeas": [
        228039.25,
        1071.61685667033
    ],
    "Sz": [
        -0.0020231868737872,
        0.0033380996846772
    ],
    "SzSquared": [
        0.403433481583409,
        0.00110001483582482
    ],
    "docc": [
        0.17543431427103,
        0.000269954194098254
    ],
    "k": [
        72.0310087945975,
        0.0483947535534704
    ],
    "n": [
        1.05007587228105,
        3.05429306606185e-05
    ],
    "n0Down": [
        0.52604952957742,
        0.00166467480296459
    ],
    "n0Up": [
        0.524026342703629,
        0.00167355280409457
    ],
    "sign": [
        0.999995624015448,
        4.37603238048725e-06
    ]
}
