{
    "NMeas": 229278,
    "Sz": -0.00175061580554117,
    "SzSquared": 0.402941241031093,
    "docc": 0.175536647279484,
    "k": 72.005050681275,
    "n": 1.05004295572545,
    "n0Down": 0.525896785765493,
    "n0Up": 0.524146169959956,
    "sign": 0.999991276965082
}
