{
    "NMeas": 226434,
    "Sz": -0.00556651453481928,
    "SzSquared": 0.402884689520457,
    "docc": 0.175558550898497,
    "k": 72.1097670844484,
    "n": 1.05004916372801,
    "n0Down": 0.527807839131412,
    "n0Up": 0.522241324596599,
    "sign": 1.0
}
