{
    "NMeas": 227767,
    "Sz": 0.00325864502673009,
    "SzSquared": 0.405324177188327,
    "docc": 0.174974671701994,
    "k": 71.9811823590104,
    "n": 1.05009682314182,
    "n0Down": 0.52341908905755,
    "n0Up": 0.52667773408427,
    "sign": 0.999991219096709
}
