{
    "NMeas": 228678,
    "Sz": -0.00403426218151842,
    "SzSquared": 0.40258381859376,
    "docc": 0.175667387204146,
    "k": 72.0280350536562,
    "n": 1.05011454652892,
    "n0Down": 0.527074404355227,
    "n0Up": 0.523040142173691,
    "sign": 1.0
}
