{
    "iter_start": 5,
    "iter_max": 72,
    "k.dat": [
        25.961252238805976,
        0.020189766568542256
    ],
    "n.dat": [
        0.49519617910447744,
        2.406392318800325e-05
    ],
    "docc.dat": [
        0.09442540895522383,
        0.00016540488968511282
    ],
    "sign.dat": [
        0.610370313432836,
        0.0014007047715288684
    ]
}