{
    "NMeas": [
        8721.20416666667,
        10.2947284783874
    ],
    "NWorkers": [
        960,
        0.0
    ],
    "Sz": [
        -0.000196788114938424,
        0.00301801419621418
    ],
    "SzSquared": [
        0.56004482512423,
        0.00073462634182784
    ],
    "docc": [
        0.109988793718355,
        0.000183656585457264
    ],
    "k": [
        320.637466896331,
        0.0937173448970807
    ],
    "n": [
        0.999999999998824,
        2.98822904804966e-15
    ],
    "n0Down": [
        0.498612687023435,
        0.00375100751492522
    ],
    "n0Up": [
        0.501387312975579,
        0.00375100751492526
    ],
    "n1Down": [
        0.499551553003904,
        0.00446788778763069
    ],
    "n1Up": [
        0.500448446994885,
        0.00446788778763033
    ],
    "n5Down": [
        0.502130942143305,
        0.00466952044787679
    ],
    "n5Up": [
        0.497869057855365,
        0.00466952044787672
    ],
    "sign": [
        1.0,
        0.0
    ]
}
