{
    "NMeas": [
        8746.459375,
        9.16320687641667
    ],
    "NWorkers": [
        960,
        0.0
    ],
    "Sz": [
        -0.00272148935322493,
        0.00313252355502786
    ],
    "SzSquared": [
        0.560695267397536,
        0.000807124581921213
    ],
    "docc": [
        0.109826183150032,
        0.000201781145479228
    ],
    "k": [
        320.360573343527,
        0.0946414675217549
    ],
    "n": [
        0.999999999998833,
        5.79149311686748e-15
    ],
    "n0Down": [
        0.501999849205298,
        0.00374318167592789
    ],
    "n0Up": [
        0.498000150793714,
        0.00374318167592782
    ],
    "n1Down": [
        0.50240332276487,
        0.00439616751386343
    ],
    "n1Up": [
        0.497596677233924,
        0.00439616751386337
    ],
    "n5Down": [
        0.499679062057919,
        0.0047957943556687
    ],
    "n5Up": [
        0.500320937940774,
        0.00479579435566832
    ],
    "sign": [
        1.0,
        0.0
    ]
}
