{
    "NMeas": [
        8707.98645833333,
        8.50256400411382
    ],
    "NWorkers": [
        960,
        0.0
    ],
    "Sz": [
        0.00240523405631692,
        0.00309195879320678
    ],
    "SzSquared": [
        0.561335636562525,
        0.000700908869927045
    ],
    "docc": [
        0.109666090858782,
        0.000175227217481782
    ],
    "k": [
        320.650104362709,
        0.0943374214792422
    ],
    "n": [
        0.999999999998827,
        1.62996230967557e-15
    ],
    "n0Down": [
        0.495998872725182,
        0.00371653035949068
    ],
    "n0Up": [
        0.504001127273829,
        0.00371653035949052
    ],
    "n1Down": [
        0.507777123402577,
        0.00439638883029382
    ],
    "n1Up": [
        0.49222287659622,
        0.00439638883029385
    ],
    "n5Down": [
        0.492616152786006,
        0.00470697609700044
    ],
    "n5Up": [
        0.507383847212667,
        0.00470697609700025
    ],
    "sign": [
        1.0,
        0.0
    ]
}
