{
    "NMeas": [
        8719.00729166667,
        9.02438806915689
    ],
    "NWorkers": [
        960,
        0.0
    ],
    "Sz": [
        0.00475433126375082,
        0.0031336884427199
    ],
    "SzSquared": [
        0.561237548420408,
        0.000742984035798969
    ],
    "docc": [
        0.109690612894311,
        0.000185746008949807
    ],
    "k": [
        320.694876898027,
        0.0966570184870583
    ],
    "n": [
        0.999999999998827,
        1.64254354685316e-15
    ],
    "n0Down": [
        0.497666759668254,
        0.00379797917378443
    ],
    "n0Up": [
        0.502333240330762,
        0.00379797917378434
    ],
    "n1Down": [
        0.495519555218707,
        0.00441948449737761
    ],
    "n1Up": [
        0.504480444780088,
        0.00441948449737757
    ],
    "n5Down": [
        0.499682188215653,
        0.00476735233849677
    ],
    "n5Up": [
        0.500317811783016,
        0.00476735233849673
    ],
    "sign": [
        1.0,
        0.0
    ]
}
