{
    "NMeas": [
        384258.75,
        2657.03437830601
    ],
    "Sz": [
        -0.000769107884039755,
        0.00136283937422063
    ],
    "SzSquared": [
        0.29479958252246,
        0.00115530079168958
    ],
    "docc": [
        0.176300104368951,
        0.000288825197923651
    ],
    "k": [
        40.0321469539591,
        0.0203784977229452
    ],
    "n": [
        0.999999999999133,
        4.14999228128058e-15
    ],
    "n0Down": [
        0.500384553941587,
        0.000681419687110294
    ],
    "n0Up": [
        0.499615446057545,
        0.000681419687107198
    ],
    "sign": [
        1.0,
        0.0
    ]
}
