{
    "NMeas": 386556,
    "Sz": 0.00158614211198733,
    "SzSquared": 0.295476102188031,
    "docc": 0.176130974452558,
    "k": 40.0223512246609,
    "n": 0.999999999999127,
    "n0Down": 0.499206928943573,
    "n0Up": 0.500793071055554,
    "sign": 1.0
}
