{
    "NMeas": 381333,
    "Sz": -0.00161754941881704,
    "SzSquared": 0.296281105006684,
    "docc": 0.175929723747895,
    "k": 40.0665717365138,
    "n": 0.99999999999913,
    "n0Down": 0.500808774708962,
    "n0Up": 0.499191225290168,
    "sign": 1.0
}
