{
    "NMeas": 387238,
    "Sz": -0.00163877300348042,
    "SzSquared": 0.294143479281075,
    "docc": 0.176464130179295,
    "k": 40.0136350254882,
    "n": 0.999999999999137,
    "n0Down": 0.500819386501308,
    "n0Up": 0.499180613497829,
    "sign": 1.0
}
