{
    "NMeas": 381908,
    "Sz": -0.00140625122584889,
    "SzSquared": 0.293297643614051,
    "docc": 0.176675589096058,
    "k": 40.0260298291735,
    "n": 0.999999999999136,
    "n0Down": 0.500703125612507,
    "n0Up": 0.499296874386629,
    "sign": 1.0
}
