{
    "iter_start": 10,
    "iter_max": 243,
    "k.dat": [
        153.9037682403433,
        0.04769779171693299
    ],
    "n.dat": [
        0.0,
        0.0
    ],
    "docc.dat": [
        0.0,
        0.0
    ],
    "sign.dat": [
        0.9999995879828325,
        2.5342684411693577e-06
    ]
}