{
    "00" : {
        "First Moment" : 2,
        "Second Moment" : 0,
        "Zeroth Moment" : 0,
        "beta" : 10,
        "imag" : [ -0.8420020692362875, -0.7212131158919449, -0.6218373050088012, -0.543188073195408, -0.4791881797137879, -0.4266823246381595, -0.3826172817724794, -0.3473551825115211, -0.317528041064892, -0.2923360760746177, -0.2690203783995332, -0.2486481659800893, -0.2331634404961635, -0.2179147980174395, -0.2047301411298459, -0.1936909900599515, -0.1838360244590929, -0.1730381141690351, -0.1647203402594524, -0.1565215266783739, -0.1489993842591565, -0.1422613385466504, -0.1370133672245116, -0.129872926129377, -0.1260903362691836, -0.1217991667638707, -0.1175402760418322, -0.1133466650040379, -0.1085193731801336, -0.1051129375913316, -0.1027412825302989, -0.09907900784076169 ],
        "real" : [ 0.4746740504037014, 0.3298696666277773, 0.2408278358969375, 0.1802866397828347, 0.1399508413621821, 0.1100318992298305, 0.08867446204071637, 0.07350367950113959, 0.06084054677905142, 0.05103875542748702, 0.04255060438637435, 0.03755768608813055, 0.033205908887507, 0.02874417180472992, 0.02560266431419138, 0.02223749233242081, 0.01918753634195496, 0.01718622778626833, 0.01604192700592937, 0.01448771773115531, 0.01219352670042433, 0.01096054966776521, 0.01160808397389515, 0.01028984870845036, 0.009086637959979306, 0.009155263527212654, 0.008132653351651165, 0.007362964916815162, 0.005958033934142782, 0.007059081798292732, 0.006673197602793168, 0.005118861852787294 ]
    },
    "0Pi" : {
        "First Moment" : 2,
        "Second Moment" : 0,
        "Zeroth Moment" : 0,
        "beta" : 10,
        "imag" : [ -0.7819094545527712, -0.7172204283134994, -0.6275107612598436, -0.5500263023576115, -0.4851079308949772, -0.4317533569804254, -0.3869886829483389, -0.3506782011599126, -0.3201823410945706, -0.2940823793403938, -0.2708352462676608, -0.2503565110857823, -0.2343430163356427, -0.2189482845563985, -0.2056739332013295, -0.1943604738608512, -0.1842327096958296, -0.1735552066010103, -0.1648910120490141, -0.1569656462849228, -0.1495209636321638, -0.1428979103901032, -0.1373255673499477, -0.1305383092578056, -0.1265926711762873, -0.1219214808593602, -0.1177901075087487, -0.1137013864044114, -0.1091090695715323, -0.1058314164601779, -0.1029497641853183, -0.09945585270139752 ],
        "real" : [ 0.02396051242360119, 0.031167585502812, 0.02759968535113645, 0.02220956209735659, 0.01848460709173765, 0.01479815369631046, 0.01218292800093532, 0.01098625102035929, 0.00890092268076801, 0.007309491323193705, 0.005990908037403741, 0.005671457470545912, 0.005246382745218069, 0.004343290041688081, 0.00385553742102674, 0.003038278608519823, 0.002726066947135309, 0.002456883796041893, 0.002608081727788171, 0.002286077790468462, 0.001369263006913236, 0.0007284377717894126, 0.001935750328922889, 0.001700176283767364, 0.0009488360940356571, 0.001501587759718111, 0.001314689937882156, 0.001184077775516928, 0.0007326811307830927, 0.001588925307580953, 0.001842407134628116, 0.0008039912845441228 ]
    },
    "PiPi" : {
        "First Moment" : 2,
        "Second Moment" : 0,
        "Zeroth Moment" : 0,
        "beta" : 10,
        "imag" : [ -0.9183267943366216, -0.776006690433297, -0.659850006035585, -0.5696212981068264, -0.4977154191862553, -0.4405002557005477, -0.3935022387098146, -0.3553066947776808, -0.323662518202711, -0.2963725719642092, -0.2730010195220059, -0.252311879740589, -0.2357010184817678, -0.2201090729800709, -0.2067132985966378, -0.1951007356548475, -0.1846785362354163, -0.1741096202003968, -0.1650910843684473, -0.1574327687456067, -0.1500598475369182, -0.1435492533455845, -0.1376504061542798, -0.1312132502163678, -0.1271032795160563, -0.1220509254521371, -0.1180454003740842, -0.1140603973079077, -0.1097016964416081, -0.1065529553851348, -0.103160627143691, -0.09983451123432552 ],
        "real" : [ -0.392206451393033, -0.2564121749182257, -0.1807768288588643, -0.1336412539109754, -0.1018727871746651, -0.07984530418082142, -0.06396638338425319, -0.05133724902446694, -0.0429229807136464, -0.03636040497443448, -0.03052530929088252, -0.02618171222047228, -0.02269373618976837, -0.02004419560392956, -0.01788096789053919, -0.01615455611226432, -0.01373213472620061, -0.01226922036453755, -0.01082448549138133, -0.009913454415964695, -0.009453041779318517, -0.009501682490595719, -0.007735518682774556, -0.00688786791740631, -0.007187823635140223, -0.006151819458582597, -0.005502801447565786, -0.004994239582970805, -0.004491964749628896, -0.003880345931966167, -0.002988130692770485, -0.00351055353934584 ]
    }
}