{
    "00" : {
        "First Moment" : 2,
        "Second Moment" : 0,
        "Zeroth Moment" : 0,
        "beta" : 10,
        "imag" : [ -0.8743612596597948, -0.7438978264448555, -0.6380517671113776, -0.5545283440546207, -0.4872898298430564, -0.4329343215111234, -0.3883072780692545, -0.3512172196870425, -0.3201465911249053, -0.2937728777437851, -0.2711146279843798, -0.2512331347882912, -0.2344417734394583, -0.2190107424371077, -0.205701523428982, -0.1939358290266852, -0.1835236079274552, -0.1737211092192123, -0.1651035258350128, -0.1573743048715386, -0.1498928980562543, -0.143445724286576, -0.1372802308175865, -0.1315851390136884, -0.1266401260381563, -0.1219055613407672, -0.1174210084894418, -0.1133363393553207, -0.1097058563984089, -0.1058691073680374, -0.1025795032908419, -0.09938377827535885 ],
        "real" : [ 0.4523712902043474, 0.3036522301544184, 0.2183388984386795, 0.1628018088062805, 0.1251336468141649, 0.09831882023987441, 0.07889432334771088, 0.06430410311008228, 0.05353646129727983, 0.04471666749127257, 0.03811355803214782, 0.032410717855725, 0.02844700830260032, 0.02449309254320307, 0.02194287815951439, 0.01916439218846581, 0.01714420301034241, 0.01527773236159463, 0.01400833027195477, 0.01242559414709921, 0.01111414136746607, 0.01004718591534839, 0.00946202998196323, 0.00880859940891607, 0.00810682690588712, 0.007637949691895054, 0.007249707384498053, 0.006577167000095958, 0.006035974737949306, 0.005892527892245458, 0.005353787237783148, 0.005184078292259284 ]
    },
    "0Pi" : {
        "First Moment" : 2,
        "Second Moment" : 0,
        "Zeroth Moment" : 0,
        "beta" : 10,
        "imag" : [ -0.7694726629360858, -0.7119559069578824, -0.6254592346440596, -0.5490429898291878, -0.4847352988767575, -0.4318050925474006, -0.3878569282437314, -0.3510045618511736, -0.3201213366920128, -0.2937355897753697, -0.2711436386394032, -0.2512884698778772, -0.2344827814793735, -0.219061942238102, -0.2057277538832335, -0.1940091340755297, -0.1835243522447524, -0.1737381701246605, -0.1651023960451476, -0.1572827645002142, -0.1498857241286907, -0.1435264985210938, -0.137338446632594, -0.1316466239860684, -0.1266659836863654, -0.1219550066888005, -0.1175939178245648, -0.113429263106628, -0.1098011635253163, -0.1059071615143482, -0.1025630091221686, -0.09938859515252549 ],
        "real" : [ 0.002041403615171687, 0.003805303034436696, 0.003518091265428307, 0.002819048558409368, 0.002429174337592834, 0.001906627442234586, 0.001551617016143951, 0.001295198093704618, 0.001242831724200351, 0.0008549329145522734, 0.0009159671168517386, 0.000543930276951216, 0.000735362340673726, 0.0002448213292269742, 0.0005221482119542652, 0.0002668097536427617, 0.0002495802433896668, 0.0002569558437365159, 0.0005257596782359108, 0.0001274661285883868, -3.826311508265816e-05, -0.0001238889031571207, 0.0001526373273597627, 0.0001427000424622522, 6.965607560964644e-05, 0.0001475671982238224, 0.0002875194595684432, 0.0002562627433378152, 0.0001783551198478993, 0.0002608492459505944, 0.0002018384935062135, 0.0002110830777737322 ]
    },
    "PiPi" : {
        "First Moment" : 2,
        "Second Moment" : 0,
        "Zeroth Moment" : 0,
        "beta" : 10,
        "imag" : [ -0.8833752355283254, -0.750632147018383, -0.6427525278224342, -0.5577849738304199, -0.4894991931239323, -0.4346854957470109, -0.3897204685373538, -0.3521808964742394, -0.3209687499660831, -0.2942623502502953, -0.271546870625192, -0.2515983483890608, -0.2347033081784687, -0.2192417332873459, -0.2058482783176828, -0.1941516132379633, -0.1835774051093128, -0.1737944562200359, -0.1651312312118565, -0.1572149913027188, -0.1498972226654158, -0.1436220787764528, -0.1374085595747082, -0.1317179847690199, -0.1267000079700342, -0.1220112914855411, -0.1177725272696507, -0.113526715635164, -0.1099002342346744, -0.1059485765705515, -0.1025492426193971, -0.09939587464166327 ],
        "real" : [ -0.4426005937830394, -0.2944488244720587, -0.210628638275137, -0.1568621400414865, -0.1201273148767657, -0.09442606287663394, -0.07574334423032832, -0.06169033429069077, -0.05103480442306167, -0.0429984881716788, -0.03627697075437947, -0.03131937509554369, -0.02697445409821649, -0.02400203829864321, -0.02089779196508195, -0.01862984157569857, -0.01664478439728793, -0.01476364256645477, -0.01295668171331875, -0.01217089803352458, -0.01119062372000502, -0.01029470924987458, -0.009156582597782759, -0.008523030306446395, -0.00796745477421866, -0.007342735879904198, -0.006674389212947609, -0.006064493079455564, -0.005679145292426371, -0.005370770141280322, -0.004950133942492341, -0.004761906390619422 ]
    }
}