{
    "00" : {
        "First Moment" : 2,
        "Second Moment" : 0,
        "Zeroth Moment" : 0,
        "beta" : 10,
        "imag" : [ -0.8778196319928774, -0.7463435710608498, -0.6398338902351399, -0.5555819538636377, -0.4882824985430233, -0.4336450576402218, -0.3888543811319972, -0.3515691749412493, -0.3202580482113995, -0.2939871287105689, -0.2708519711418834, -0.2511559857895462, -0.2342094339577903, -0.2190481241634145, -0.2056804271152664, -0.1940242072627203, -0.1834014179098743, -0.1737003836837034, -0.1652510952814484, -0.1572344136200343, -0.1501492436050922, -0.1435011264922994, -0.1377014095542395, -0.1318909824722958, -0.1269353182656291, -0.1221179431001978, -0.1179346799875423, -0.1135843142768713, -0.1097949060289177, -0.1063838194305121, -0.1025904188857262, -0.09967549694626272 ],
        "real" : [ 0.4494841527315103, 0.2999269123334337, 0.2150835405885499, 0.1604308524401949, 0.1229441009602041, 0.09659953635905065, 0.07738721754567904, 0.06330344513301739, 0.05239390120490618, 0.04393825040583698, 0.03757548586459222, 0.03225496117274623, 0.02781030598822745, 0.02420972327012582, 0.02169008537091573, 0.0190500676482874, 0.01711221783080901, 0.01528731424135232, 0.01386160733703062, 0.01254129343038184, 0.01143445031682123, 0.01026873609971768, 0.009565026908840136, 0.008911774660848835, 0.008089705648221831, 0.007379866384187598, 0.006874079634099818, 0.006472651480164597, 0.005818528252535398, 0.005456472906257458, 0.005174689329256668, 0.004665222790000776 ]
    },
    "0Pi" : {
        "First Moment" : 2,
        "Second Moment" : 0,
        "Zeroth Moment" : 0,
        "beta" : 10,
        "imag" : [ -0.7683846007207378, -0.7111375035337257, -0.6250767473817964, -0.5487496423880038, -0.4847848070216509, -0.4318325974807963, -0.387814322798516, -0.3510569073765971, -0.3198829259862047, -0.2936818101636194, -0.2707107787143683, -0.2510395566885487, -0.2341391239431214, -0.2190238067083237, -0.2055348930193218, -0.1939488339780712, -0.1833213537974465, -0.1735658139453531, -0.165065413129645, -0.1571512196732442, -0.1499802425419356, -0.14329605293027, -0.1374808256298931, -0.1316795527094098, -0.1265997598023743, -0.1219227546210192, -0.117776202001338, -0.1134183049625399, -0.1096993243773367, -0.1063010619177827, -0.1025633125470276, -0.09951595598282378 ],
        "real" : [ 0.0002203385842546679, 0.000440261779215524, 0.0003980219835016648, 0.000355085343970684, 0.0002471666517664285, 0.0002739210297313434, 0.0001574301292348598, 0.0003297603865891807, 0.0002242068962372, 5.030374093313202e-05, 0.000277702030653464, 0.0001219624825175634, 1.089591319006393e-05, -6.342974028504089e-05, 0.0002924492365313385, 3.086972795653666e-05, 0.0002289964226809431, 6.594624667127287e-05, 0.0001431431761683146, 7.597300777672067e-05, 0.0001730991295981973, -6.190654990027817e-05, -3.318195192056569e-05, 0.000105510491650873, -8.894500169374246e-05, -7.108151716262045e-05, -4.085843785396727e-05, -1.920088486725273e-06, -0.0002177378705763068, -6.280554540245628e-05, -9.512672179472822e-05, -0.0002402576162596593 ]
    },
    "PiPi" : {
        "First Moment" : 2,
        "Second Moment" : 0,
        "Zeroth Moment" : 0,
        "beta" : 10,
        "imag" : [ -0.8791913507967811, -0.7471292897417914, -0.6404560877161751, -0.5562670369484474, -0.4886601953497196, -0.4340449496164037, -0.3890895603935652, -0.3519375155975153, -0.3203788073760812, -0.293941556719915, -0.2709455808858514, -0.2511819061964806, -0.2342496117376047, -0.2191283747703933, -0.2054833474987868, -0.1939436533868349, -0.183293478122604, -0.1734715188643544, -0.1649108626039021, -0.1570924504398595, -0.1498302818958326, -0.1431062922802143, -0.1372728762135112, -0.1314783414310081, -0.1262726491780179, -0.1217343732023674, -0.1176233512541742, -0.1132570490461049, -0.1096077536265364, -0.1062215397303352, -0.1025390654714624, -0.09935880152235457 ],
        "real" : [ -0.4481885475776642, -0.298844628094356, -0.2142013607235259, -0.1596576943277453, -0.1224203783811878, -0.09603318639564737, -0.07706226717989997, -0.06263310541306225, -0.05194203163565303, -0.04383710151438785, -0.03701884875942065, -0.03201073830435058, -0.02778787411356805, -0.02433575920771545, -0.02110575433371405, -0.0189883989740521, -0.01665448375026329, -0.01515585119288769, -0.01357595244435951, -0.01238956579816567, -0.01108870428193667, -0.01039310380631259, -0.00963192365666629, -0.008701224354562054, -0.008268298458126077, -0.007522375670339899, -0.006956057525977067, -0.006476756596017431, -0.006254136661517291, -0.005582175540144256, -0.005364979487603273, -0.005145897584100663 ]
    }
}