{
    "00" : {
        "First Moment" : 2,
        "Second Moment" : 0,
        "Zeroth Moment" : 0,
        "beta" : 10,
        "imag" : [ -0.8783315704327619, -0.7464657226797896, -0.6400194034827218, -0.5557543180960033, -0.4881932443225552, -0.4339258627198554, -0.3891518464904499, -0.35176592378918, -0.3206079956252134, -0.2940054352775488, -0.2711034558696701, -0.2513088153632557, -0.2342940882453527, -0.2189953475922149, -0.2059044927963112, -0.1936897509358156, -0.1833061662880694, -0.1733509036004038, -0.1648020361704767, -0.1571042377804376, -0.1500309292603789, -0.1436265729090518, -0.137474769508742, -0.1319705884427641, -0.1267844808159716, -0.1221187761090425, -0.1176993652213188, -0.1134013764846505, -0.1095635966683106, -0.1060676090540945, -0.1024785815183905, -0.09955201041769732 ],
        "real" : [ 0.4490266455480355, 0.2994469551639858, 0.214683722195374, 0.1598173131776683, 0.1228173769746784, 0.09648630533776198, 0.07740397822459427, 0.06300331044062264, 0.05218432519533216, 0.04411787951161583, 0.03721662552077931, 0.03200669821674628, 0.02767494566037788, 0.0240316675271843, 0.02114356878528282, 0.01898265842782047, 0.01669968631964119, 0.01495562617584998, 0.01379249624642281, 0.0123416779116608, 0.01144356756924975, 0.01020112598352278, 0.009379299759236352, 0.008971351237266504, 0.008089802223120543, 0.007589786782232885, 0.006847564776811234, 0.006422128343072151, 0.006095497344976478, 0.005740657129692967, 0.005337580583066801, 0.005176522193109664 ]
    },
    "0Pi" : {
        "First Moment" : 2,
        "Second Moment" : 0,
        "Zeroth Moment" : 0,
        "beta" : 10,
        "imag" : [ -0.7683039834493681, -0.710984820967429, -0.6250145821094214, -0.5487292822285816, -0.4845536988832262, -0.4318745992930582, -0.3879449820474279, -0.3510096143878716, -0.3199855046948937, -0.2935643681253768, -0.2709415552133921, -0.2511487679335308, -0.2341626880466811, -0.2189417773827192, -0.205902509510836, -0.1936061906390797, -0.1832544175196806, -0.1733235520169012, -0.1647274989837654, -0.1570505748718214, -0.1498890800082637, -0.1435462135995226, -0.1374317095935641, -0.1319078622345057, -0.1266595210538227, -0.122040113148215, -0.1175742559862176, -0.113346656747953, -0.1095932567630401, -0.1060492339673384, -0.1025348125090298, -0.09951087081774758 ],
        "real" : [ 3.314908217557832e-05, 3.221561946357511e-05, 6.515210380499475e-05, -4.27449821405855e-06, 0.0001598063732562546, 0.0001676148189732112, 0.0002221027703310895, 0.0001465485721487637, 8.415124747052685e-05, 0.0003222533114120035, -2.815184328773947e-05, 2.49406668864415e-05, 2.788952747710411e-05, -1.357310821106719e-05, -0.0001928510510116794, 9.258913662266117e-05, -0.000174736047951105, -8.896535420930654e-05, 3.355050243156971e-05, -4.504455926919253e-05, 0.0001872212303652259, -0.0001339087862312023, 1.038913351446459e-05, 0.0002501690609554037, 2.106255426398833e-05, 0.0001263996160945578, -7.504734401221032e-05, -7.230835815928495e-06, -7.399862690523051e-05, 7.83114307300966e-05, 7.919136687359824e-05, 9.654053479493969e-05 ]
    },
    "PiPi" : {
        "First Moment" : 2,
        "Second Moment" : 0,
        "Zeroth Moment" : 0,
        "beta" : 10,
        "imag" : [ -0.878603421894853, -0.7467178372995497, -0.6401772164186628, -0.5560400865853055, -0.488284559871218, -0.4338505286714924, -0.3890546378492836, -0.3516422084559048, -0.3202326901730403, -0.2936862207088562, -0.2711554861039099, -0.2512456640583449, -0.2342102438011532, -0.2190146440711835, -0.2059942805028597, -0.1935917030569154, -0.1832547542780999, -0.1733354901062127, -0.1646841699650798, -0.1570209581928864, -0.1497662337552974, -0.1434811183083158, -0.1374006944399436, -0.1318551506782552, -0.1265427883854167, -0.1219682324650626, -0.1174547478339569, -0.1132966184836619, -0.1096270854847158, -0.1060342514921814, -0.1025938785969367, -0.09947229986063613 ],
        "real" : [ -0.4488836284134326, -0.2993418022417138, -0.2145278417456645, -0.1597974671188467, -0.1224873986592614, -0.0961492926054693, -0.07696004096099328, -0.06271167551450879, -0.05202154960897608, -0.04347787054508546, -0.03727211452723615, -0.0319575008741264, -0.0276195735060596, -0.02405877512399745, -0.02152891840371484, -0.01879797174175065, -0.01704929696038037, -0.01513356474400659, -0.01372560944853814, -0.01243191684354248, -0.01106954403928987, -0.01046915583826338, -0.009358599937746357, -0.008471164474350408, -0.008047937311182154, -0.007337134151146511, -0.006997866029463885, -0.006436664107749024, -0.006243467289321268, -0.005584051137158283, -0.005179138225133283, -0.004983482307279775 ]
    }
}