{
    "00" : {
        "First Moment" : 2,
        "Second Moment" : 0,
        "Zeroth Moment" : 0,
        "beta" : 10,
        "imag" : [ -0.8778868241432406, -0.7464758122307543, -0.64001899144222, -0.5555879935939357, -0.4883578340620345, -0.4338935658793327, -0.3891046111897329, -0.3517229321457785, -0.3202811864341378, -0.294072409024062, -0.271037331674956, -0.2514753905062566, -0.2341778991476448, -0.2191104248918829, -0.2058273930801617, -0.1938267125732663, -0.1830017144199902, -0.1736430625634666, -0.1651946891222052, -0.1573140507878215, -0.1500175391150065, -0.1434337072993188, -0.1376734612725121, -0.1320733748654874, -0.1266976064247861, -0.121791843730764, -0.1174321749971372, -0.1134211074401269, -0.1095963934354833, -0.1059622431875884, -0.1026004146188402, -0.09953250167637945 ],
        "real" : [ 0.4493200393433771, 0.2995721779581114, 0.2145932508603855, 0.160138795152661, 0.1227966718619334, 0.09651720839303839, 0.0771675030683832, 0.06311265677240085, 0.05241230937754344, 0.04400743728121032, 0.03744070014566486, 0.03205613845040484, 0.02755033857632893, 0.02423927168524147, 0.02159899439895928, 0.01898509438832785, 0.01690142890809399, 0.015174703766295, 0.01385040105028008, 0.01251938230141124, 0.01146034751644503, 0.01043878389916057, 0.0091974586543794, 0.008630176525725381, 0.008028286641533582, 0.007515921614310396, 0.006705116523144437, 0.006418793609497225, 0.005980388976682603, 0.005878570148275598, 0.005306631548533317, 0.004819651479140648 ]
    },
    "0Pi" : {
        "First Moment" : 2,
        "Second Moment" : 0,
        "Zeroth Moment" : 0,
        "beta" : 10,
        "imag" : [ -0.7683314310671547, -0.7109817465799975, -0.6250670622767855, -0.5485309294891871, -0.4847624541287791, -0.4319318780681646, -0.3879647881799104, -0.3510285301932305, -0.3199877212199893, -0.293820356038521, -0.2709147756796609, -0.25139784382738, -0.234171691676081, -0.2191138036938831, -0.2058520348590796, -0.1938802162926678, -0.1831006592676655, -0.1736398790466891, -0.1652129861665376, -0.1572909974362494, -0.1499881025535258, -0.1434474762847536, -0.1376065505914243, -0.1320146765737067, -0.1266622762426451, -0.121896868213611, -0.1175259296170446, -0.1135549570790143, -0.1097170744672683, -0.106032397331146, -0.1026066336398368, -0.09952687992191281 ],
        "real" : [ 0.0001041582194103675, -2.009894623167593e-05, -0.0001062455954753725, 2.339903061462494e-05, 1.721119527963249e-05, -3.076061428953284e-05, -0.0001335926944051843, 6.109559217531123e-05, 0.0001590220071777384, 0.0001292987264443542, 8.018723582994289e-05, -3.0933926658347e-05, -0.000186647031551103, 4.244357184204806e-06, 0.0001559874289714265, -6.143506100725178e-05, -1.806599648102975e-05, -7.427394041666967e-05, 8.673021511702755e-05, 7.738521974396134e-05, 0.0001372692795975923, 0.0001251137389050391, -0.0001536484950015684, 7.512521221825641e-07, -5.517868725075274e-06, 2.045280977545928e-05, -0.0001858052661069033, -1.030828354108328e-05, 2.859512547673675e-06, 0.0002752246351015337, 0.0001080710705458192, -7.624941193288102e-06 ]
    },
    "PiPi" : {
        "First Moment" : 2,
        "Second Moment" : 0,
        "Zeroth Moment" : 0,
        "beta" : 10,
        "imag" : [ -0.8790381393396719, -0.7467668200013642, -0.6403007089772085, -0.555847876564069, -0.4885515020207234, -0.4340161409739714, -0.3891478952908573, -0.3517330704600081, -0.3205688489358534, -0.2941335839583792, -0.2711706181877826, -0.251578904810697, -0.2343459307084898, -0.2192460659832252, -0.2059713990683213, -0.1940041085101187, -0.1832521374326855, -0.1736770921100553, -0.1652625516613652, -0.1572923123033157, -0.1499779334119598, -0.143476528765258, -0.1375516841874483, -0.131965804691475, -0.1266351403812462, -0.1220087409757161, -0.117625253351342, -0.1136935064952382, -0.1098416815958513, -0.1061058791588957, -0.1026156251895414, -0.09952357350141908 ],
        "real" : [ -0.4489073205564696, -0.2995969282912523, -0.2147987886671179, -0.1600776009602371, -0.1227537189036629, -0.09657422648519037, -0.07743349938990572, -0.062990785403345, -0.05208967879291099, -0.04374827532248572, -0.03727922099745481, -0.03211746833938935, -0.02792267299941253, -0.02423018491367067, -0.02128646688511315, -0.01910733151077258, -0.01693668530807064, -0.01532312724191301, -0.013676762456323, -0.01236462175499926, -0.01118583326907472, -0.01018845801632999, -0.009504905751392513, -0.00862883245125629, -0.008039388607726019, -0.007474843557604833, -0.007076573887499143, -0.006439223676081997, -0.005974517235417935, -0.00532803503056198, -0.005090480513541808, -0.004834896883977638 ]
    }
}