{
    "00" : {
        "First Moment" : 2,
        "Second Moment" : 0,
        "Zeroth Moment" : 0,
        "beta" : 10,
        "imag" : [ -0.8780947782568194, -0.7463751861005435, -0.6399783763630136, -0.5558010986318862, -0.4884968070272508, -0.4338846179926794, -0.3889523538786725, -0.3517478111216823, -0.320315846574829, -0.2938896744490141, -0.2710604758606133, -0.2512017670461206, -0.2341265815436284, -0.2191976277400504, -0.2056696251384699, -0.1937467199580973, -0.1833521235072171, -0.1736618699908189, -0.1649324942138708, -0.1567665209436601, -0.1499802353938692, -0.1435178817469075, -0.1374603825068124, -0.1318001871457685, -0.1268296571969622, -0.1219930746057716, -0.1175677143498038, -0.1135218706382466, -0.1096600875768092, -0.1063149377242291, -0.1029292614846688, -0.09967039254914994 ],
        "real" : [ 0.4492783360872104, 0.2994308575264428, 0.2145545854131709, 0.1600253471539417, 0.122564672200496, 0.09627802255799943, 0.07726260159386097, 0.06321746476573308, 0.05227388005359179, 0.04386533900564146, 0.03719675179376571, 0.03168875443136202, 0.0275427225958039, 0.0242484843667406, 0.02141455489168941, 0.01917879352967373, 0.01691638461724789, 0.01533558178575162, 0.01352384185622962, 0.01240237593201737, 0.01150152719300169, 0.0105297446053848, 0.009553066967979898, 0.008778340084165058, 0.007916345408988315, 0.007523402236803815, 0.006978551303898219, 0.006290608442784859, 0.005796956766331017, 0.005633484516094385, 0.0051980372221101, 0.004800171470025971 ]
    },
    "0Pi" : {
        "First Moment" : 2,
        "Second Moment" : 0,
        "Zeroth Moment" : 0,
        "beta" : 10,
        "imag" : [ -0.768354491738039, -0.7109131318928357, -0.625006261112571, -0.5485894442426125, -0.4847424823709215, -0.4318981131928384, -0.38771853050031, -0.3510509525830582, -0.3198853637865046, -0.2935748881600811, -0.2708054717136342, -0.2510209731303105, -0.2340969238306115, -0.2191195858088379, -0.2056363503002951, -0.1937209265790641, -0.1832689533084154, -0.1736479908601678, -0.1649575353250207, -0.1568968287429542, -0.1500710352656486, -0.1435527293891349, -0.1374542069715536, -0.131898060458848, -0.1268583767805006, -0.122129055149647, -0.1175752793209205, -0.113599673167267, -0.1096406034981764, -0.1061787316523878, -0.1028612826958678, -0.09964278522048875 ],
        "real" : [ 6.960207901000897e-05, -4.575967262140534e-05, -3.883058494800017e-05, 9.643984360838316e-06, -1.152628652354762e-05, -4.78625896818907e-05, 5.931879428627228e-05, 0.0002305339236751363, 0.0001451376349973446, 7.322382609983623e-05, 7.151697557729999e-06, -0.0002564084840401794, -0.0001467301658126723, -2.553849498221951e-05, 4.05838387394749e-05, 0.0001558018144554658, -7.852837098865048e-05, 0.0001185307364365657, -0.0001973973322024624, -0.0001387477666673593, 1.758172276958553e-05, 0.0001159903488100106, 8.792722231730621e-05, -1.194950576930114e-05, -7.225489096622204e-05, 0.000129415367668612, -2.66113537257222e-05, -7.686780569147488e-05, -9.01363179066977e-05, 7.100704948678402e-05, -7.146725357814963e-05, -0.00014427983750787 ]
    },
    "PiPi" : {
        "First Moment" : 2,
        "Second Moment" : 0,
        "Zeroth Moment" : 0,
        "beta" : 10,
        "imag" : [ -0.878838671434393, -0.7466618846702767, -0.6401930488540679, -0.5557312362166451, -0.4883476141934624, -0.4339381249241925, -0.3888016722389865, -0.3517491403362968, -0.3203255815236762, -0.2938230183007131, -0.2709247677328324, -0.2510964078689684, -0.2342464719873167, -0.2191704391729366, -0.2056970053259585, -0.193765231278302, -0.1832387399406606, -0.1736742612667219, -0.165013639955586, -0.1570518222839146, -0.1501816356145482, -0.1436031918183976, -0.1374603433695933, -0.1320061671595935, -0.1268951951022071, -0.1222717355035958, -0.1175886199227826, -0.1136820726894193, -0.1096249257944459, -0.1060458089106742, -0.1027961599785299, -0.09961761312230245 ],
        "real" : [ -0.4491147078648439, -0.2995133519477606, -0.2146077890801437, -0.1600090897791786, -0.1225964608992173, -0.09637251054559201, -0.07714887688335698, -0.06275685002768747, -0.05198375777443746, -0.04371996377177659, -0.03718408254639521, -0.0322029144591819, -0.0278353851149514, -0.02429981617378542, -0.02133325742692507, -0.01886711815744002, -0.01707385004854834, -0.01509850380711493, -0.01391854512861175, -0.01267928737092494, -0.01146606277436145, -0.01029762831378191, -0.009377230198791619, -0.008802001395760158, -0.008060805500399837, -0.007264316877883645, -0.007031733207859369, -0.006444205991094724, -0.005977236649831826, -0.005491617682376668, -0.005341044611264449, -0.005088754441071741 ]
    }
}