{
    "Job Specifications" : {
        "InsertEraseCSQ 00Down (acc/tot per Processor)" : [ 1284301.666666667, 7051075.25 ],
        "InsertEraseCSQ 00Up (acc/tot per Processor)" : [ 1284636.333333333, 7050443.916666667 ],
        "InsertEraseCSQ 0PiDown (acc/tot per Processor)" : [ 1944059.5, 7048781.458333333 ],
        "InsertEraseCSQ 0PiUp (acc/tot per Processor)" : [ 1944171.416666667, 7049494.208333333 ],
        "InsertEraseCSQ Pi0Down (acc/tot per Processor)" : [ 1944160, 7050394.416666667 ],
        "InsertEraseCSQ Pi0Up (acc/tot per Processor)" : [ 1944167, 7049229.25 ],
        "InsertEraseCSQ PiPiDown (acc/tot per Processor)" : [ 1284231.958333333, 7049500.625 ],
        "InsertEraseCSQ PiPiUp (acc/tot per Processor)" : [ 1284474.958333333, 7050691.291666667 ],
        "Measurement Sweeps per Processor" : 47858541.66666666,
        "Number of Processors" : 24,
        "Thermalization Sweeps per Processor" : 8541068.75
    },
    "Measurements" : {
        "Chi_SzSz" : [ 0.9528646798824163, 0.3941973076946665, 0.2329043268292087, 0.1557329974414066, 0.1113751881059419, 0.08349254850401416, 0.06469361481786809, 0.05151724405933112, 0.04189747792792575, 0.03471242332825824, 0.02911176128883446, 0.02481259514930458, 0.02134819295257972, 0.01856002854108775, 0.01627920519065782, 0.01436305890648728, 0.01276058801535339, 0.01142763274833542, 0.01027585437219689, 0.009300735589701637, 0.008443531138417441, 0.00770215121276722, 0.007047278101008694, 0.006485909346958524 ],
        "Double Occupation" : [ 0.1699746994524097 ],
        "E" : [ -6.654674373426142 ],
        "N" : [ 3.84969625353312 ],
        "Sign" : [ 0.9624416574888273 ],
        "Sz" : [ -9.274254430871259e-05 ],
        "iGreen_00" : [ -0.2916280072708244, -0.2733607242593759, -0.251514748594005, -0.2293731427797278, -0.2086092640834782, -0.1898559775326599, -0.1734623564813092, -0.1590471404653867, -0.1464613331477295, -0.1353731337295493, -0.1256742651536312, -0.1171349858945325, -0.1094557034196938, -0.102868840551963, -0.09686464099964777, -0.09148063780534259, -0.08682629342334885, -0.08223972262642056, -0.07827167036841459, -0.07442667444828806, -0.07131916729725539, -0.06844812416057126, -0.06549853266768098, -0.06295226986889677, -0.06053564174489166, -0.05833613653363134, -0.05623133014997415, -0.05419352395181744, -0.05251877886596384, -0.0509671301833192, -0.04932728662512477, -0.04774148525365297 ],
        "iGreen_0Pi" : [ -0.804614012995473, -0.5188435687686953, -0.3944166663183197, -0.319533092800256, -0.2686574906042468, -0.2315956649015171, -0.20304781680643, -0.1808202466014656, -0.1626544512718404, -0.1479856257583595, -0.1355634222163334, -0.1248359081664466, -0.1160412013232212, -0.1082289741410121, -0.1011493175681815, -0.09504400708817248, -0.08973076268160987, -0.08494001076447566, -0.08046493286081503, -0.07641113379177129, -0.07304346246655344, -0.06970438029957837, -0.06678600870399701, -0.06387663846803256, -0.06155425012802087, -0.05910543458818972, -0.05694096394358844, -0.05508065940815505, -0.0530331414320905, -0.05139694914333424, -0.0497755486863395, -0.04820310983674915 ],
        "iGreen_PiPi" : [ -0.2917138888338832, -0.2735061183602771, -0.2517052490578851, -0.2292720386375643, -0.208426436831482, -0.189894225697344, -0.1733042454917083, -0.1590462587182072, -0.146430761935636, -0.1352912215680789, -0.1255108006852961, -0.1170074311577635, -0.1095657549079127, -0.1028232840259952, -0.09687603771128347, -0.09148075652026744, -0.08667603527882288, -0.08224952387125715, -0.0783495044648749, -0.07473379380735658, -0.07153812087473581, -0.06853431780131594, -0.06551235044520048, -0.06318444903606425, -0.06061246602795169, -0.05861023614157542, -0.05623292319256133, -0.05433508700424823, -0.05245437910133814, -0.05066342020473499, -0.04918314529253811, -0.04768601052623395 ],
        "k" : [ 28.55864217899106 ],
        "n00" : [ 0.8462894701705795 ],
        "n0Pi" : [ 0.4811471831463699 ],
        "nPiPi" : [ 0.1165386232172242 ],
        "rGreen_00" : [ 0.3653402664722578, 0.2567550664395716, 0.1895100544786163, 0.1440938731204449, 0.111870094339059, 0.08877346056385715, 0.07173123176262505, 0.05889002960731437, 0.04894640135760774, 0.04125724690176538, 0.03509506311047619, 0.03007975215961219, 0.02627819438765342, 0.02304347194421415, 0.02036636885788147, 0.01818184652729084, 0.01615263467966412, 0.01454182752525332, 0.01292456041647968, 0.01200261538074317, 0.01090540971312494, 0.01001922599842426, 0.00905095507968132, 0.008440440682073056, 0.007565418567294378, 0.007135021243347999, 0.006861679161544981, 0.006240017858037607, 0.005739629974673737, 0.005444692253568723, 0.00503810134318268, 0.004743130903018375 ],
        "rGreen_0Pi" : [ -0.0001849046306513473, -0.0001158655047029219, -9.037901520792754e-05, -3.434836036010001e-05, -1.732932274891619e-05, -2.142599685437623e-05, 0.0001067933894797256, 0.0002541763430031325, 0.0001504883534394833, 8.242702665000221e-05, 4.874558594244429e-05, -9.671480143798309e-05, -0.0001232276783049254, 2.364225252722379e-05, 9.242076412063309e-06, 0.0001341989162134929, -3.53972537355194e-06, 0.0001298279861958961, -3.674243860448535e-05, -0.0001549842533125488, 0.0001066844016100322, 7.462772661890219e-05, 0.0001415821814377371, -1.191757625662656e-05, 1.043870162338821e-05, 8.121528272172497e-05, -0.0001373818416625833, -0.0002195986154509728, -0.00019768456088071, -6.507491536418527e-05, -6.088256904766204e-05, -0.0001374586398975848 ],
        "rGreen_PiPi" : [ -0.3653023759037198, -0.2568112531909635, -0.1893845269268069, -0.1439901471413335, -0.1118614749749322, -0.08883162973562152, -0.07175248913854972, -0.05888560046315648, -0.04896391072354992, -0.0412959979247817, -0.03519873081348123, -0.03044520936449035, -0.02630354936602819, -0.02314731155756623, -0.02033581356008912, -0.01809404243646883, -0.01631131909521447, -0.01452554237066627, -0.0133002808555063, -0.01201185216222405, -0.01111346861253705, -0.009947173728101182, -0.009108419403934186, -0.008442694766852612, -0.007740915229926586, -0.007023033261493124, -0.006601601582220133, -0.005963775147929801, -0.005538722447374645, -0.005223887109319029, -0.005094345323602121, -0.004776654687896748 ]
    },
    "Parameters" : {
        "ATOMIC" : "Atomic.json",
        "CLEAN_EVERY_SWEEP" : 5000,
        "EGreen" : 20,
        "EHyb" : 15,
        "EObs" : 15,
        "HYB" : "Hyb6.json",
        "LINK" : "Link.json",
        "MEASUREMENT_TIME" : 60,
        "OBS" : "Obs.json",
        "PROB" : 0.5,
        "S" : 1,
        "SAMPLE_EVERY_SWEEP" : 50,
        "SEED" : 57119,
        "STORE_EVERY_SAMPLE" : 100,
        "THERMALIZATION_TIME" : 10,
        "U" : 3,
        "UPD" : "Updates.json",
        "beta" : 10,
        "mu" : 1.5,
        "tp" : 0,
        "tpp" : 0,
        "weightI" : 0,
        "weightR" : 0.1
    }
}