{
    "Job Specifications" : {
        "InsertEraseCSQ 00Down (acc/tot per Processor)" : [ 1264550.791666667, 6943293.083333333 ],
        "InsertEraseCSQ 00Up (acc/tot per Processor)" : [ 1264605.375, 6943436.041666667 ],
        "InsertEraseCSQ 0PiDown (acc/tot per Processor)" : [ 1914336.791666667, 6942939.333333333 ],
        "InsertEraseCSQ 0PiUp (acc/tot per Processor)" : [ 1915154.958333333, 6943813.291666667 ],
        "InsertEraseCSQ Pi0Down (acc/tot per Processor)" : [ 1914526.416666667, 6943963.625 ],
        "InsertEraseCSQ Pi0Up (acc/tot per Processor)" : [ 1914922.708333333, 6943324.916666667 ],
        "InsertEraseCSQ PiPiDown (acc/tot per Processor)" : [ 1264632.708333333, 6943419.5 ],
        "InsertEraseCSQ PiPiUp (acc/tot per Processor)" : [ 1264715, 6943051.875 ],
        "Measurement Sweeps per Processor" : 47134583.33333334,
        "Number of Processors" : 24,
        "Thermalization Sweeps per Processor" : 8412658.333333334
    },
    "Measurements" : {
        "Chi_SzSz" : [ 0.9514983514494209, 0.3943208665505593, 0.2328693691543549, 0.1557233092290158, 0.1114865217953933, 0.08347679470008423, 0.06472000498834155, 0.05158118730866459, 0.04192093656169339, 0.03470819083627853, 0.02917250531324942, 0.02483768174112747, 0.02138138403647563, 0.0185726764325974, 0.01628793682084536, 0.0143885195609907, 0.01278412603782203, 0.01143083759894593, 0.01028638813553959, 0.009299573336540573, 0.008451954786105777, 0.007706236315419308, 0.007057041623258051, 0.006479127782694929 ],
        "Double Occupation" : [ 0.1700082986339672 ],
        "E" : [ -6.658837771328637 ],
        "N" : [ 3.851391123453041 ],
        "Sign" : [ 0.9627980163184814 ],
        "Sz" : [ -0.0001410261486485328 ],
        "iGreen_00" : [ -0.291561222789894, -0.2735354214055889, -0.2515665578842282, -0.229361285899043, -0.2085732048692545, -0.1899324126422283, -0.1734686066344632, -0.1591779413627881, -0.1463247434397074, -0.1354215781284454, -0.1257348006314006, -0.1171774281763359, -0.1097109333705123, -0.103026664089427, -0.09699636258701026, -0.09156420996869319, -0.08666565379046981, -0.08235844637597772, -0.07839985173108723, -0.07485385730317073, -0.07148624339903575, -0.06839468396471876, -0.06573356196014127, -0.06305222970394554, -0.06059730036525434, -0.05812824123226952, -0.05603092439867619, -0.05423072217978486, -0.05243515012425557, -0.05067834404785796, -0.04913340261556209, -0.04762327981631836 ],
        "iGreen_0Pi" : [ -0.8050261212571952, -0.5190781272596784, -0.3947222678514986, -0.3194285596405769, -0.268762701034416, -0.2316764034566589, -0.2033722945007847, -0.1807786338298079, -0.1628290274913005, -0.1482669921803986, -0.1355669687474546, -0.1252130734879269, -0.1159138375516795, -0.1080709622569548, -0.1012531920986015, -0.09513764772517877, -0.08954141213852801, -0.08489834789045539, -0.08072767634598538, -0.07665606987320008, -0.07296771108252127, -0.06969525695313845, -0.06685299923572552, -0.06412970864102109, -0.06138510003410481, -0.05910302721440272, -0.05700864564835449, -0.05497889746697062, -0.05309238658597994, -0.05133374416897759, -0.04966644989758751, -0.04820680269851638 ],
        "iGreen_PiPi" : [ -0.2919727768818082, -0.2736682468378542, -0.2517356290805706, -0.2295671199697731, -0.2087374945387251, -0.1900554714117739, -0.1735120195883664, -0.1591973954546919, -0.1466762431043596, -0.1355188756445172, -0.1258705595147607, -0.1172938170434075, -0.1098986937208995, -0.1031689261094373, -0.09714144987496535, -0.09176433608881751, -0.08694087949311016, -0.08239713325391311, -0.07848584977136547, -0.07484045769608914, -0.07147336125223383, -0.06845748108752284, -0.06561145894195333, -0.0629491481380129, -0.06055718693347138, -0.05837643605620217, -0.05626443112933198, -0.0545335242198361, -0.05269060692194487, -0.05083564904377107, -0.04913701194027562, -0.04762244544012172 ],
        "k" : [ 28.57229210682179 ],
        "n00" : [ 0.8467182110425778 ],
        "n0Pi" : [ 0.4813664592165339 ],
        "nPiPi" : [ 0.1162888776610043 ],
        "rGreen_00" : [ 0.3654249944060275, 0.2569275132967186, 0.1894936652194524, 0.1441229146900564, 0.1120714897876057, 0.0890611063770546, 0.07184463275170953, 0.05895981808776367, 0.04911754552416426, 0.04138223794571925, 0.03532068555452961, 0.03035726865721296, 0.0262680120033763, 0.02303333375155594, 0.02044196917697219, 0.01816363433789038, 0.01625274182706606, 0.01461784614931324, 0.01321153325579054, 0.01198852516705144, 0.01096182432067736, 0.010000423707758, 0.008935598240133579, 0.008131516081010938, 0.007693580584183254, 0.007075520219808231, 0.006551253311051356, 0.006083164530169841, 0.005670860649574323, 0.005445361935521265, 0.005021140826938231, 0.004710406233747058 ],
        "rGreen_0Pi" : [ 1.460010427925424e-05, 3.959399292172376e-06, -6.350922526156147e-05, 0.000135461277750371, 5.29196804628779e-05, -3.370652536397628e-05, -0.0001588011453859047, 8.982544205294209e-05, 0.000169262557369932, 0.0001092533248483859, 0.000129464601035751, 4.439898564861095e-05, -0.0001143524716482542, 5.918964407108019e-05, 0.0001990277726183146, -5.362409924087375e-05, -8.932883167687649e-05, -9.021059263280889e-05, 4.280028744238324e-05, 1.38160139636395e-05, 1.357025096213566e-05, 2.773375014264606e-05, -0.0001432813331335348, 0.0001028001378765542, -1.565201173737817e-06, 0.0001253689798502604, -0.0001347151028300238, 7.674612713892133e-05, 5.757609237279564e-05, 0.0002152334046721288, 7.17871906214438e-05, -0.0001208363891790737 ],
        "rGreen_PiPi" : [ -0.3654715823955384, -0.2571104733616818, -0.1897929640486713, -0.1443128498620092, -0.1122075066031218, -0.08914288249299659, -0.07192984727104003, -0.05905106751546278, -0.04912697615303871, -0.04141172345184113, -0.03539207679265043, -0.03052225056000632, -0.02645921969139381, -0.02313876181174025, -0.0204482526962693, -0.01821440305140762, -0.01606997348949512, -0.01457705642487356, -0.01311726719681384, -0.01183773659962298, -0.01073674983909161, -0.009753936835843757, -0.008983549346420427, -0.008393802319261425, -0.007707453967599999, -0.00731134883104804, -0.006665217627923826, -0.006257291530722255, -0.005763031812932228, -0.005301292647279705, -0.004950018560191014, -0.004506839970252701 ]
    },
    "Parameters" : {
        "ATOMIC" : "Atomic.json",
        "CLEAN_EVERY_SWEEP" : 5000,
        "EGreen" : 20,
        "EHyb" : 15,
        "EObs" : 15,
        "HYB" : "Hyb5.json",
        "LINK" : "Link.json",
        "MEASUREMENT_TIME" : 60,
        "OBS" : "Obs.json",
        "PROB" : 0.5,
        "S" : 1,
        "SAMPLE_EVERY_SWEEP" : 50,
        "SEED" : 57095,
        "STORE_EVERY_SAMPLE" : 100,
        "THERMALIZATION_TIME" : 10,
        "U" : 3,
        "UPD" : "Updates.json",
        "beta" : 10,
        "mu" : 1.5,
        "tp" : 0,
        "tpp" : 0,
        "weightI" : 0,
        "weightR" : 0.1
    }
}