{
    "Job Specifications" : {
        "InsertEraseCSQ 00Down (acc/tot per Processor)" : [ 1257948.208333333, 6905879 ],
        "InsertEraseCSQ 00Up (acc/tot per Processor)" : [ 1257417.208333333, 6904314.041666667 ],
        "InsertEraseCSQ 0PiDown (acc/tot per Processor)" : [ 1904844.5, 6905992.125 ],
        "InsertEraseCSQ 0PiUp (acc/tot per Processor)" : [ 1905003.5, 6905768.875 ],
        "InsertEraseCSQ Pi0Down (acc/tot per Processor)" : [ 1904354.375, 6904474.625 ],
        "InsertEraseCSQ Pi0Up (acc/tot per Processor)" : [ 1904165.416666667, 6904712.583333333 ],
        "InsertEraseCSQ PiPiDown (acc/tot per Processor)" : [ 1258288.791666667, 6905243.916666667 ],
        "InsertEraseCSQ PiPiUp (acc/tot per Processor)" : [ 1257461.625, 6904835.666666667 ],
        "Measurement Sweeps per Processor" : 46858333.33333334,
        "Number of Processors" : 24,
        "Thermalization Sweeps per Processor" : 8382887.5
    },
    "Measurements" : {
        "Chi_SzSz" : [ 0.9527862718278275, 0.3942003430468825, 0.2332898593309113, 0.1557268925068559, 0.1114802716812161, 0.08350053600164951, 0.06473749961086915, 0.05156530744837656, 0.04195882953537101, 0.03473111913461426, 0.02917309496147231, 0.02484565366167493, 0.02135821316995508, 0.018555446903838, 0.0162843968248418, 0.01437535032085255, 0.01277894178573347, 0.01143927986981655, 0.01028766758514072, 0.009300834290009, 0.008451368977490126, 0.007701938379399208, 0.0070476646964401, 0.006485001950329554 ],
        "Double Occupation" : [ 0.1699249120156135 ],
        "E" : [ -6.656639333995736 ],
        "N" : [ 3.851064914481556 ],
        "Sign" : [ 0.9627651609460762 ],
        "Sz" : [ -0.00017318255565252 ],
        "iGreen_00" : [ -0.2919295295092053, -0.2735166994822704, -0.2517473972439364, -0.2295336277937076, -0.2086343849485055, -0.1900526613422946, -0.1736011454313996, -0.15916735074362, -0.1467175419084776, -0.1355389780002951, -0.1257633190523401, -0.1172392921805029, -0.1097317729362881, -0.1028349252539318, -0.09703191033948547, -0.09149089803923423, -0.08668459597739522, -0.08224006485788068, -0.07828062625108602, -0.07461787563636779, -0.0714907796023021, -0.06828440932149132, -0.06549907807591719, -0.06293584093758083, -0.06051517026159824, -0.05828707781241937, -0.05613341001764147, -0.05422384171713465, -0.05236062188413199, -0.0506966997796792, -0.04902667682200978, -0.0477038499958438 ],
        "iGreen_0Pi" : [ -0.8051199501555548, -0.5191641733481229, -0.3944987270293764, -0.3195734170399509, -0.2684282069983283, -0.2316121487269263, -0.203317373307586, -0.180853522552032, -0.162826112994469, -0.1480511563772945, -0.1356416434062183, -0.1249780168499, -0.1160203204091992, -0.1081222737523568, -0.1013287426039508, -0.09501069623359551, -0.0898352439665885, -0.08465258479893892, -0.08036042078664633, -0.07664436100676733, -0.07295757717218793, -0.070024168275184, -0.06684321296376228, -0.06414049982744204, -0.06153957638500981, -0.05929144606995945, -0.05716170336958593, -0.05493902084794802, -0.05310136856279524, -0.05138902803594244, -0.04962663152655084, -0.04812987143213886 ],
        "iGreen_PiPi" : [ -0.2917232288651665, -0.273479881013049, -0.2517452554432288, -0.2296838713241006, -0.2086671568411603, -0.1899157740173488, -0.1734691978928642, -0.1589800468791569, -0.1462986568375336, -0.1352034974395707, -0.1258030580345669, -0.1171661948040338, -0.109637850133913, -0.1028462159576466, -0.09714749509824765, -0.09139447313809322, -0.0866404017343002, -0.08224925412498968, -0.07819273851915001, -0.07454450572891418, -0.07124319292795774, -0.06817301134312707, -0.06546776357657834, -0.06285792903100959, -0.06033009976584317, -0.0581685086302926, -0.05590603384969518, -0.05414782403840914, -0.05244919322385695, -0.0506789318436571, -0.04915573522760419, -0.04765345916540136 ],
        "k" : [ 28.57192846345365 ],
        "n00" : [ 0.8464718892023249 ],
        "n0Pi" : [ 0.4811508773294507 ],
        "nPiPi" : [ 0.1164702102098846 ],
        "rGreen_00" : [ 0.3655756558623228, 0.2569221829914775, 0.1896057630642321, 0.1439788696959108, 0.1120801660572322, 0.08902114339905189, 0.07189558801537255, 0.05886365186129579, 0.04902092363471298, 0.04127896736041961, 0.03526479105504268, 0.03025976379965209, 0.02628959940844113, 0.02280424251471397, 0.0202265230364375, 0.01790626407365426, 0.01607410610768327, 0.01435174964681621, 0.01322172335299506, 0.01184109527668684, 0.01085937800470425, 0.009867627442480452, 0.009001993533302704, 0.008342463600949999, 0.007685707001706663, 0.007145146302271447, 0.006579735681056319, 0.006194702457520558, 0.005817461250833086, 0.005495325275720641, 0.005055831264333667, 0.004921246179664792 ],
        "rGreen_0Pi" : [ -0.0001770098547003211, -0.0002368698439436308, -6.42299158389863e-05, -0.0001711077710168586, 6.704204625309302e-05, -3.680012551375333e-06, 0.0001002766857811262, 3.25276011244126e-05, -3.451709166399833e-06, 0.000372365269605425, -0.0001089103871026109, 6.010885514750969e-05, -1.144206329515758e-05, 4.369428774478521e-05, -0.0001509002039137799, 0.0001955827269504972, -0.0001815984364622615, -9.945281193567925e-05, -4.059574961606601e-05, -5.503647536512883e-05, 9.928401904027918e-05, -0.0001049985784252282, -3.473037563890646e-05, 0.0002662780413422861, 7.240469175388068e-05, 0.0001595976542002045, -1.33526091813006e-05, -3.713096925513866e-05, 6.412445826381551e-05, 4.77790265817783e-05, 8.812079358364113e-05, 0.0001073437289151218 ],
        "rGreen_PiPi" : [ -0.3652891878909406, -0.2567446023934958, -0.1894923652246151, -0.143815278192099, -0.1118994296093258, -0.08870105892140877, -0.07162184362791806, -0.05869557863302989, -0.04889212612012839, -0.04131373339234445, -0.0351899735114437, -0.03035875371548558, -0.02620787998500881, -0.02290429079407881, -0.02042356598369286, -0.0181034575532311, -0.0161489851195237, -0.01436299983891514, -0.01310318538033452, -0.01184715245039087, -0.01069433825223731, -0.009933171209757254, -0.008902835540971731, -0.008359914135274781, -0.00776517078299724, -0.007175821150026445, -0.006705629142779508, -0.006135800712830356, -0.0060557555303626, -0.005408279620307312, -0.00504034144108678, -0.004874553437886502 ]
    },
    "Parameters" : {
        "ATOMIC" : "Atomic.json",
        "CLEAN_EVERY_SWEEP" : 5000,
        "EGreen" : 20,
        "EHyb" : 15,
        "EObs" : 15,
        "HYB" : "Hyb4.json",
        "LINK" : "Link.json",
        "MEASUREMENT_TIME" : 60,
        "OBS" : "Obs.json",
        "PROB" : 0.5,
        "S" : 1,
        "SAMPLE_EVERY_SWEEP" : 50,
        "SEED" : 57071,
        "STORE_EVERY_SAMPLE" : 100,
        "THERMALIZATION_TIME" : 10,
        "U" : 3,
        "UPD" : "Updates.json",
        "beta" : 10,
        "mu" : 1.5,
        "tp" : 0,
        "tpp" : 0,
        "weightI" : 0,
        "weightR" : 0.1
    }
}