{
    "Job Specifications" : {
        "InsertEraseCSQ 00Down (acc/tot per Processor)" : [ 1260430.708333333, 6926463.916666667 ],
        "InsertEraseCSQ 00Up (acc/tot per Processor)" : [ 1261118, 6926311.583333333 ],
        "InsertEraseCSQ 0PiDown (acc/tot per Processor)" : [ 1909852.541666667, 6925857.75 ],
        "InsertEraseCSQ 0PiUp (acc/tot per Processor)" : [ 1909960.291666667, 6925212.375 ],
        "InsertEraseCSQ Pi0Down (acc/tot per Processor)" : [ 1910112, 6924912.708333333 ],
        "InsertEraseCSQ Pi0Up (acc/tot per Processor)" : [ 1909584.666666667, 6925874.791666667 ],
        "InsertEraseCSQ PiPiDown (acc/tot per Processor)" : [ 1262410.208333333, 6925575.833333333 ],
        "InsertEraseCSQ PiPiUp (acc/tot per Processor)" : [ 1263033.291666667, 6925526.458333333 ],
        "Measurement Sweeps per Processor" : 47001041.66666666,
        "Number of Processors" : 24,
        "Thermalization Sweeps per Processor" : 8404693.75
    },
    "Measurements" : {
        "Chi_SzSz" : [ 0.9487107287583371, 0.3943649695876373, 0.2333333127956356, 0.1557626063446509, 0.1115207828509637, 0.08355998327857331, 0.06474054439008083, 0.05157398208238592, 0.04195387319394162, 0.03467094770341607, 0.02918741851765392, 0.02482192554241609, 0.02137976202870635, 0.01856655050672161, 0.01627536752061244, 0.01437034740810648, 0.01279080144087466, 0.01143600691324228, 0.01028716096013162, 0.009299490752373595, 0.008449652033911587, 0.007710755672433086, 0.007052747873177138, 0.006488625301918677 ],
        "Double Occupation" : [ 0.1700235520927237 ],
        "E" : [ -6.654275683153883 ],
        "N" : [ 3.848882397260013 ],
        "Sign" : [ 0.9624126238336536 ],
        "Sz" : [ 0.0005887947963483473 ],
        "iGreen_00" : [ -0.2920209720867942, -0.2740122622620481, -0.2518232375820693, -0.2293584386005819, -0.2087254997542077, -0.1898790798515105, -0.1733114459749235, -0.1588880862794956, -0.1463687264425857, -0.1353838528996025, -0.125470072145686, -0.1169776656278781, -0.109585732052535, -0.1028180113388803, -0.09688513254349894, -0.09168453133568778, -0.08674299386756426, -0.08245987851265917, -0.07864275864071071, -0.07476884555272555, -0.07158017866181358, -0.0685313264728596, -0.0657022994747556, -0.06309454184512872, -0.06077842428519236, -0.05865361803814918, -0.05647798283202926, -0.05443973479337154, -0.05268874791194521, -0.05095641993973429, -0.04922130979175953, -0.04776534639802932 ],
        "iGreen_0Pi" : [ -0.8042942625953012, -0.5189150892544466, -0.394519610924993, -0.3196195805804317, -0.2685577868682665, -0.2314924445634709, -0.2032480153448802, -0.180865528366666, -0.1627022774948814, -0.1481212756222443, -0.1355212440359171, -0.1249682614313465, -0.1159611826991382, -0.10812350548286, -0.1011484401246181, -0.09512218855114649, -0.08979883682802635, -0.08474433205150263, -0.08044190161001333, -0.0765611993665458, -0.07297153596167487, -0.06959379854741285, -0.06688152483235708, -0.06388172696376587, -0.06142465714718755, -0.05890350532113234, -0.0570864593092616, -0.05490667156133717, -0.05299227320411048, -0.05148972193567917, -0.04951695829998516, -0.04819802602798241 ],
        "iGreen_PiPi" : [ -0.2906967585549578, -0.2727379787875162, -0.2510730949149185, -0.2292144231222264, -0.2085870935788742, -0.1899327112144499, -0.1733001298556503, -0.1591144744088341, -0.1463613218386787, -0.1352579403484923, -0.1255024719588739, -0.1169538769810087, -0.1095902497012225, -0.1028758510898846, -0.09665530177668268, -0.09157293008998608, -0.0866207563849628, -0.08220679800928878, -0.07827466915835025, -0.07463497232095308, -0.07123957899175373, -0.06809006298472885, -0.06522969107552139, -0.06263840777989901, -0.06006294638665824, -0.05823154832369556, -0.05610581570355228, -0.05406826110324535, -0.05246690925849429, -0.05077388212085326, -0.04916937798683697, -0.04742505754440333 ],
        "k" : [ 28.57910520600165 ],
        "n00" : [ 0.8467175539665608 ],
        "n0Pi" : [ 0.480740591782215 ],
        "nPiPi" : [ 0.1169081201926494 ],
        "rGreen_00" : [ 0.3664711630039956, 0.2571714493347899, 0.1895926118227553, 0.1441247761746635, 0.1120936325508249, 0.08884685809383591, 0.0718641098029984, 0.05906903542261976, 0.04911457230829749, 0.04149645152015363, 0.03535601999511533, 0.03050594907331171, 0.02651800631989936, 0.02324704262335688, 0.02060001522031342, 0.01830989401436865, 0.01622362052817114, 0.01477960368156905, 0.01335424882501961, 0.01204868963851406, 0.01101365514254395, 0.00997990814928087, 0.009310238471506976, 0.00850494093833855, 0.007768814045964579, 0.007147128141867201, 0.006569149584746143, 0.006064087239187103, 0.00570039103487182, 0.005280174367975772, 0.004963849618582412, 0.004571160762470727 ],
        "rGreen_0Pi" : [ -0.00100677254001788, -0.0009124822863458941, -0.0004739897330315923, -0.0002361185916162034, -0.0002992535192525773, -5.804067983367226e-05, -0.0001919691538553135, -2.888125667769685e-05, -6.574781128808746e-05, -0.0001872510547752562, 9.886126314541881e-05, 4.2012471283825e-05, -0.0001958478803111411, -0.0002565455731050784, 3.157540549116774e-05, -0.000158917572191596, 0.0001080440983872323, -0.0001753650367359115, -0.0001209188297816023, -3.91179524376815e-05, -3.098405890933843e-05, -0.0001221134169122724, -0.000136925154598311, 4.731587536125244e-05, -1.671310877530976e-05, -0.0001001036184873737, -1.862402752678257e-05, 0.0001331547176948119, -0.0001430736072913192, -9.227864061422158e-05, -1.737354550741284e-05, -0.000150844696700569 ],
        "rGreen_PiPi" : [ -0.3638699698369197, -0.2562582458050582, -0.1893860407196481, -0.1440277800786544, -0.111905094774526, -0.08879313284156386, -0.0716530919708382, -0.05867659926228316, -0.04886092406072488, -0.04126380704787079, -0.03519718293970513, -0.03046961769775631, -0.02630062642790705, -0.02293684722825033, -0.02015759615194539, -0.01799160410806998, -0.01600321602978402, -0.01434850054254066, -0.01292939792915301, -0.01183673808013413, -0.01056795423535729, -0.009840020395013048, -0.0091435749597127, -0.008404874897658369, -0.007943199904193654, -0.007133911827375682, -0.006685388066931771, -0.006392714604637015, -0.005923094137152573, -0.005289618266245457, -0.005179093336668484, -0.004833291094401472 ]
    },
    "Parameters" : {
        "ATOMIC" : "Atomic.json",
        "CLEAN_EVERY_SWEEP" : 5000,
        "EGreen" : 20,
        "EHyb" : 15,
        "EObs" : 15,
        "HYB" : "Hyb3.json",
        "LINK" : "Link.json",
        "MEASUREMENT_TIME" : 60,
        "OBS" : "Obs.json",
        "PROB" : 0.5,
        "S" : 1,
        "SAMPLE_EVERY_SWEEP" : 50,
        "SEED" : 57047,
        "STORE_EVERY_SAMPLE" : 100,
        "THERMALIZATION_TIME" : 10,
        "U" : 3,
        "UPD" : "Updates.json",
        "beta" : 10,
        "mu" : 1.5,
        "tp" : 0,
        "tpp" : 0,
        "weightI" : 0,
        "weightR" : 0.1
    }
}