{
    "Job Specifications" : {
        "InsertEraseCSQ 00Down (acc/tot per Processor)" : [ 2285015, 13446087 ],
        "InsertEraseCSQ 00Up (acc/tot per Processor)" : [ 2279502, 13442348 ],
        "InsertEraseCSQ 0PiDown (acc/tot per Processor)" : [ 3694329, 13440767 ],
        "InsertEraseCSQ 0PiUp (acc/tot per Processor)" : [ 3694744, 13439989 ],
        "InsertEraseCSQ Pi0Down (acc/tot per Processor)" : [ 3698641, 13438590 ],
        "InsertEraseCSQ Pi0Up (acc/tot per Processor)" : [ 3697956, 13442820 ],
        "InsertEraseCSQ PiPiDown (acc/tot per Processor)" : [ 2537115, 13438989 ],
        "InsertEraseCSQ PiPiUp (acc/tot per Processor)" : [ 2537264, 13442010 ],
        "Measurement Sweeps per Processor" : 90755000,
        "Number of Processors" : 1,
        "Thermalization Sweeps per Processor" : 16776600
    },
    "Measurements" : {
        "Chi_SzSz" : [ 0.7776493991652789, 0.3943526633041785, 0.2384231067034991, 0.1601602008505557, 0.1149059074046626, 0.08596325592857554, 0.06668902185515319, 0.05306509369301889, 0.04326563355601723, 0.03606987292463514, 0.03013156905439561, 0.02567360709353244, 0.02209439763999137, 0.0192421500431141, 0.0168634444012714, 0.01485924172506583, 0.01329548818610294, 0.01190064518146332, 0.01072315108496603, 0.009667363933429644, 0.008777949948945356, 0.007982855672156912, 0.007316496517814862, 0.006735837548716778 ],
        "Double Occupation" : [ 0.1665330434714334 ],
        "E" : [ -6.773947192798749 ],
        "N" : [ 3.833710511168791 ],
        "Sign" : [ 0.978098176408945 ],
        "Sz" : [ 0.0009778235465080483 ],
        "iGreen_00" : [ -0.3030262976968233, -0.3048452630432091, -0.2756611377796974, -0.2454689274361698, -0.2197935201537666, -0.1970908237207284, -0.1779740251845827, -0.1626516022281365, -0.1492681820044316, -0.1387482119693692, -0.1278591838471486, -0.1182249995102965, -0.1113216109471574, -0.1042613532976854, -0.09833307795409606, -0.09347501123939055, -0.08876875442827804, -0.08377995477726571, -0.07978934064479067, -0.07550956251757489, -0.07199846195063851, -0.06865476150320145, -0.06612214496660243, -0.06286635095267529, -0.06092011031054838, -0.05935702148743685, -0.05722945666295179, -0.05489920702338443, -0.05242552397726396, -0.05045928415057527, -0.04988588297534471, -0.04770404073433242 ],
        "iGreen_0Pi" : [ -0.7252382239184556, -0.5195158698140829, -0.4011047902634553, -0.3265281696069711, -0.2736547085163041, -0.2358293579420863, -0.2062650272415791, -0.1839638670390167, -0.1661779432680345, -0.1507950227484575, -0.1378126882184777, -0.1267426825204401, -0.1182559896301909, -0.1100260834734292, -0.1028210694135486, -0.09679282169734144, -0.09180635715905383, -0.08596297676822158, -0.08176467265649963, -0.07791407342233099, -0.07396526236315411, -0.07065032836496148, -0.0681021071916058, -0.06415603850681041, -0.06253184084645112, -0.05992651003052975, -0.05788744912752224, -0.05608995327424816, -0.05371446694448445, -0.05235940200034694, -0.05071343139406099, -0.04924693483244419 ],
        "iGreen_PiPi" : [ -0.2287002572285433, -0.2364920020552957, -0.231649198209038, -0.2192477322344711, -0.2043318560476511, -0.1885481189992783, -0.1737605705307412, -0.1600774834560333, -0.1478543770890464, -0.1371485632838568, -0.1276767890291686, -0.1187351131734284, -0.1113485865274087, -0.1044671653077364, -0.09872405275163339, -0.09355850637463424, -0.08848818752730404, -0.08394242213215619, -0.07934512526959389, -0.07577693908245606, -0.07252946013722977, -0.06951356622093154, -0.06634415526127493, -0.06391095389599034, -0.06165661358190425, -0.05930730769519051, -0.05749151047307952, -0.0554189252102319, -0.0534814306100655, -0.05181734482671022, -0.05015493152501255, -0.04835552351550884 ],
        "k" : [ 29.64270839072229 ],
        "n00" : [ 0.8925894182369691 ],
        "n0Pi" : [ 0.4437307125272859 ],
        "nPiPi" : [ 0.1381664883665412 ],
        "rGreen_00" : [ 0.4670934808035945, 0.3010272783742547, 0.2074696415366712, 0.1504920270505959, 0.1151246760371246, 0.08996828255515267, 0.07242474231665637, 0.05990637386947505, 0.05001621325847474, 0.04197930560933948, 0.03475490231205648, 0.0309093195987248, 0.0273887620188785, 0.02375252632797465, 0.02159199061641232, 0.01888516039771042, 0.0159742628457236, 0.01424725996905103, 0.01327530142639994, 0.01209349863958448, 0.01040736377226292, 0.009593692308508237, 0.009891447545233779, 0.008512462500594214, 0.007982881124614977, 0.007486139108268793, 0.006788513753489919, 0.006236671938493109, 0.004901737764033403, 0.005831411768311818, 0.005141230532624792, 0.003853593405012991 ],
        "rGreen_0Pi" : [ -0.1211540212209605, -0.0536147948293515, -0.02618696960419163, -0.0144619117146569, -0.007820427558906771, -0.004742203366093978, -0.002816740922672516, -0.001210738422871804, -0.001076520540197962, -0.0006470041573285612, -0.0003133972500997724, -3.295111485429866e-05, 0.0002057973983974095, 0.0001431959298137286, -0.0001654972610678679, -0.0003515390604077277, -0.0001122027896116527, -1.275865806935307e-05, 0.0001810044433492578, 6.4116927328377e-05, -0.0004143913331645026, -0.0006529665876743192, 2.248953622446348e-05, 0.0001930393267486288, -0.000395543148561274, 0.0003562070978511496, 9.675537303540708e-05, -4.957176566312843e-05, -0.0001187111417354644, 0.0002659668789779481, 0.0006396526763456975, 0.0003243564499949952 ],
        "rGreen_PiPi" : [ -0.3015462504027835, -0.2387266869911967, -0.186498640865855, -0.1456690420468551, -0.1147667068658881, -0.09140837044127494, -0.07398146839476938, -0.06023688624058452, -0.05010686695463649, -0.04253229322634419, -0.03586999824506804, -0.03088055048574037, -0.02693298675216337, -0.02368551037000548, -0.02077941918448107, -0.01852798331224104, -0.01596998241065172, -0.01433713360838608, -0.0128380316923348, -0.01163817162778198, -0.01058711999124814, -0.01033636511654151, -0.009017145372051179, -0.008214456832673338, -0.007914003892387965, -0.007493466001943071, -0.006495175916401101, -0.005765292931435511, -0.005124270990065358, -0.004813747584044164, -0.004193603321758349, -0.004431286376110957 ]
    },
    "Parameters" : {
        "ATOMIC" : "Atomic.json",
        "CLEAN_EVERY_SWEEP" : 5000,
        "EGreen" : 20,
        "EHyb" : 15,
        "EObs" : 15,
        "HYB" : "Hyb1.json",
        "LINK" : "Link.json",
        "MEASUREMENT_TIME" : 60,
        "OBS" : "Obs.json",
        "PROB" : 0.5,
        "S" : 1,
        "SAMPLE_EVERY_SWEEP" : 50,
        "SEED" : 56999,
        "STORE_EVERY_SAMPLE" : 100,
        "THERMALIZATION_TIME" : 10,
        "U" : 3,
        "UPD" : "Updates.json",
        "beta" : 10,
        "mu" : 1.5,
        "tp" : 0,
        "tpp" : 0,
        "weightI" : 0,
        "weightR" : 0.1
    }
}