{
    "Job Specifications" : {
        "InsertEraseCSQ 00Down (acc/tot per Processor)" : [ 1254970.958333333, 6936059.291666667 ],
        "InsertEraseCSQ 00Up (acc/tot per Processor)" : [ 1256260.541666667, 6937369.833333333 ],
        "InsertEraseCSQ 0PiDown (acc/tot per Processor)" : [ 1913892.583333333, 6936551.916666667 ],
        "InsertEraseCSQ 0PiUp (acc/tot per Processor)" : [ 1913996.916666667, 6937074.583333333 ],
        "InsertEraseCSQ Pi0Down (acc/tot per Processor)" : [ 1914295.5, 6936951 ],
        "InsertEraseCSQ Pi0Up (acc/tot per Processor)" : [ 1914504.208333333, 6938250.5 ],
        "InsertEraseCSQ PiPiDown (acc/tot per Processor)" : [ 1270657.666666667, 6937618.208333333 ],
        "InsertEraseCSQ PiPiUp (acc/tot per Processor)" : [ 1271013.833333333, 6937326.75 ],
        "Measurement Sweeps per Processor" : 47105833.33333334,
        "Number of Processors" : 24,
        "Thermalization Sweeps per Processor" : 8391368.75
    },
    "Measurements" : {
        "Chi_SzSz" : [ 0.9366030711577572, 0.3953528204373489, 0.2346836925834918, 0.1567392668523503, 0.1122294927815909, 0.08406788032072508, 0.06508024628489799, 0.05188892121661354, 0.04220104847612826, 0.03493168479361434, 0.02935236859566454, 0.02497228726522902, 0.02148778200180121, 0.01867337946631043, 0.0163611284259778, 0.0144664931317814, 0.01285266914948427, 0.01151104735714471, 0.01034400581186549, 0.009361007509636943, 0.008495841995382097, 0.007751856019299538, 0.007098364671877668, 0.006528213203428109 ],
        "Double Occupation" : [ 0.1696258976551387 ],
        "E" : [ -6.662243871546164 ],
        "N" : [ 3.848543131883885 ],
        "Sign" : [ 0.9641266120614542 ],
        "Sz" : [ -0.0004148728741662688 ],
        "iGreen_00" : [ -0.2949036543238236, -0.2780100345101627, -0.2546373617108086, -0.2313216977713192, -0.2098480010828956, -0.1907949932688982, -0.1741278380889301, -0.1595420552354952, -0.1468563444033785, -0.1358311171393211, -0.1261311614656032, -0.117549725737892, -0.1100116585868388, -0.1031890641669528, -0.09720195436316756, -0.09172480218612149, -0.08698319213623663, -0.08260811868838648, -0.07852086232297689, -0.07507911800307697, -0.0716360396749363, -0.06843574852529957, -0.06559875365437058, -0.06297105170519232, -0.06058432700116193, -0.05830620958499202, -0.05614850725304365, -0.05426887793901742, -0.05258021479159399, -0.05091372908597611, -0.04926908605600457, -0.04774666091775392 ],
        "iGreen_0Pi" : [ -0.7989304527656935, -0.5189828579279899, -0.395053561068628, -0.3202197079282142, -0.2689992139134378, -0.231811774865166, -0.2035680640721515, -0.1811306637737567, -0.1630989125948892, -0.1481939330278459, -0.1359313837606412, -0.1252894833211014, -0.1163819855327804, -0.1082417050931857, -0.1013416975613953, -0.09535722273883145, -0.08997078138603205, -0.08500457970770818, -0.08074007364623791, -0.07677491189431693, -0.07300238385199377, -0.07001689720157674, -0.06680158965979449, -0.06410136264644606, -0.06158316865096647, -0.05924635740418061, -0.05705320849571434, -0.05500501017448352, -0.05332723128699023, -0.05124483542076049, -0.04961511429885157, -0.0481073928765351 ],
        "iGreen_PiPi" : [ -0.2829768564719585, -0.2682762511225774, -0.2486591915801167, -0.2279447904326318, -0.2078279579342635, -0.1897394942597227, -0.1735634249722632, -0.1591110527903586, -0.1466949936573527, -0.1356871051181651, -0.1259977833988075, -0.1174163275034798, -0.1099268117299639, -0.1031349441852164, -0.0970965455556107, -0.09177222940801391, -0.08692838479815124, -0.0825520831864, -0.07849801607427874, -0.07479748860724719, -0.0715171865380739, -0.06847828020839501, -0.06566034112056422, -0.06296071067713672, -0.06053422339383726, -0.05838883038443747, -0.05646715974913175, -0.05439267590002676, -0.05265754826866763, -0.05083908897195934, -0.04918872041148424, -0.04767625249403927 ],
        "k" : [ 28.73202292709679 ],
        "n00" : [ 0.8508788590640137 ],
        "n0Pi" : [ 0.4768852076678644 ],
        "nPiPi" : [ 0.1197086160474478 ],
        "rGreen_00" : [ 0.3757546516962209, 0.2610907282800565, 0.1914035593286589, 0.1449103053274112, 0.1125469099661808, 0.08924763159709936, 0.07220490462035532, 0.05896803588624018, 0.04928442086241911, 0.04154702218268964, 0.03530300519740197, 0.03024777702475502, 0.0262700202420156, 0.02301084793807524, 0.02037584516829131, 0.01799978630142462, 0.01620181543129282, 0.0143275847724423, 0.01300109346787542, 0.01182755308174109, 0.01072081991092124, 0.009661544092642142, 0.008824195686666841, 0.008343059653589568, 0.007646438511487278, 0.007070612859997613, 0.006658291651399211, 0.006162140264752306, 0.005718133809632465, 0.005534805708371156, 0.004885571110236868, 0.004940539587360424 ],
        "rGreen_0Pi" : [ -0.01154203476132513, -0.006873174659642121, -0.003423342574061425, -0.00178118436280476, -0.0009751428995448597, -0.0005083515281524372, -0.0003623185753428741, -0.0001976356455390261, -5.330058343814968e-06, -0.0002371600830746626, 0.0001810524485063596, -0.0001637820395628966, 0.0001700319505781489, -0.0002221317859171715, 0.0001035477659211913, -7.55285991550678e-05, -6.702755967028594e-05, 5.967676528041872e-05, 0.0001714273411596003, -0.0001667434740408543, -0.0001939056451198143, -0.0001304406105643645, 7.724439105326702e-06, -5.696394446545492e-05, 2.657237102314447e-05, 9.306327854107654e-05, 0.0002066867378710303, 6.961369889858378e-05, 9.18248222201567e-05, -6.74777805813228e-07, 0.0001134154867205747, 5.141817336007401e-05 ],
        "rGreen_PiPi" : [ -0.3551306472800464, -0.2536836059247947, -0.1888328048629546, -0.1440965690032749, -0.1121876541284584, -0.08923132173641046, -0.07209512258363249, -0.05921306783198649, -0.04922356345732964, -0.04133331157751646, -0.03533217955815648, -0.0302814467667622, -0.02640103156447834, -0.02316941057592506, -0.02042972118452027, -0.01803319313390488, -0.01620258418732385, -0.01449031750868306, -0.01283497737897474, -0.01176584686436529, -0.01074047787649443, -0.009839332769381188, -0.008962349985582764, -0.008314974267867186, -0.007767676338217731, -0.007283499540726817, -0.006751972021505065, -0.006018173509426082, -0.005682974367064955, -0.00533001863902648, -0.005092859297014115, -0.004769224013396569 ]
    },
    "Parameters" : {
        "ATOMIC" : "Atomic.json",
        "CLEAN_EVERY_SWEEP" : 5000,
        "EGreen" : 20,
        "EHyb" : 15,
        "EObs" : 15,
        "HYB" : "Hyb2.json",
        "LINK" : "Link.json",
        "MEASUREMENT_TIME" : 60,
        "OBS" : "Obs.json",
        "PROB" : 0.5,
        "S" : 1,
        "SAMPLE_EVERY_SWEEP" : 50,
        "SEED" : 57023,
        "STORE_EVERY_SAMPLE" : 100,
        "THERMALIZATION_TIME" : 10,
        "U" : 3,
        "UPD" : "Updates.json",
        "beta" : 10,
        "mu" : 1.5,
        "tp" : 0,
        "tpp" : 0,
        "weightI" : 0,
        "weightR" : 0.1
    }
}