{
    "00" : {
        "First Moment" : 0,
        "Second Moment" : 0,
        "Zeroth Moment" : 0,
        "beta" : 10,
        "imag" : [ -0.075312991627555, -0.1616367398015723, -0.214318192269316, -0.2547184921107539, -0.2576593030601857, -0.2766536301096765, -0.2857631650208425, -0.2640171162245331, -0.255247245572896, -0.2149275869282823, -0.2704609386968091, -0.2791425111060297, -0.2065291008518297, -0.225102357458729, -0.1796416811321855, -0.1262228641421803, -0.1271491856150373, -0.1812969060890559, -0.1428775838580751, -0.2229837404154598, -0.2790278007964169, -0.3237486423231637, -0.1959314550299354, -0.3826630168048322, -0.2654075724123892, -0.07749652372487503, -0.08690420150443146, -0.1981474676772059, -0.4795212315596302, -0.4879111952173183, -0.1350895707412541, -0.4797417590665631 ],
        "real" : [ 1.396413157263595, 1.396908155953216, 1.399170660376544, 1.408121652843613, 1.415855395452722, 1.417405508306887, 1.409994712952664, 1.406995621001429, 1.405798805488713, 1.44376436087269, 1.475906915660932, 1.399394366587751, 1.395338480451434, 1.409919459283513, 1.364722812020174, 1.422899740144545, 1.538208240915356, 1.533407320647247, 1.481857763471999, 1.446853591070165, 1.548711321060325, 1.521905632568222, 1.312242892426195, 1.409706089933566, 1.411731549112313, 1.435843509201765, 1.48367643322441, 1.485837733958822, 1.755785883660125, 1.275417750726913, 1.487467498180203, 1.842127725960701 ]
    },
    "0Pi" : {
        "First Moment" : 0,
        "Second Moment" : 0,
        "Zeroth Moment" : 0,
        "beta" : 10,
        "imag" : [ -0.08656268049479632, -0.1752689797493612, -0.2269828735652633, -0.2446654887441517, -0.2636667171089919, -0.2624958781064022, -0.2726034365335499, -0.2557675117702747, -0.2268606131942148, -0.2250118186548971, -0.2301146926361639, -0.2411000476395309, -0.1835307286950361, -0.188816287180245, -0.1966464905571943, -0.1724567555062517, -0.1036812086007579, -0.209103625301962, -0.1735630992882964, -0.1443133554101887, -0.1929282297744468, -0.1908406888390388, -0.08772570995687801, -0.3481875930081859, -0.1204850186434019, -0.1769823865075821, -0.1285219288736492, -0.04581975595914756, -0.1924436570744028, -0.03857406673373021, -0.01733130215450984, 0.03129226723223155 ],
        "real" : [ 1.439737453729887, 1.442918683037376, 1.445052219919653, 1.454187371392544, 1.454665611727811, 1.461451308220484, 1.463381157678767, 1.450075194613105, 1.466380046073435, 1.466674839807972, 1.463566600704557, 1.4564418807518, 1.445814263375078, 1.453432851744301, 1.484328471252326, 1.50910536717296, 1.488307044402664, 1.479441096164114, 1.453396273521533, 1.471389463750009, 1.557410494106894, 1.61267542461652, 1.481232858927312, 1.44120182297114, 1.586986835446121, 1.391908500762907, 1.461461411125948, 1.50581683347843, 1.531282025076238, 1.39672535047523, 1.248907111656517, 1.361802478103598 ]
    },
    "PiPi" : {
        "First Moment" : 0,
        "Second Moment" : 0,
        "Zeroth Moment" : 0,
        "beta" : 10,
        "imag" : [ -0.07734302514327829, -0.1657020054279161, -0.2191105369952475, -0.2484105464197448, -0.2578506301552661, -0.2633084558984624, -0.2567925621029543, -0.261282475579347, -0.2518424850222569, -0.2267000143698779, -0.2188031079877053, -0.2281181584541532, -0.2017476403137799, -0.1963991431646885, -0.1647397840895746, -0.1220157353535001, -0.1499847653103661, -0.1488309161318462, -0.2205874896285884, -0.1980359634391142, -0.1712694265634109, -0.111846397208522, -0.1989567644929551, -0.1563676478698461, -0.08450644695454557, -0.08746568829320367, -0.02931097393564741, -0.06692457054983336, -0.1045244485641526, -0.07207301928599108, -0.09896666466078585, -0.166512269991653 ],
        "real" : [ 1.506541909943489, 1.504464588638163, 1.500079093027427, 1.500432057529808, 1.495962109752211, 1.495991209090938, 1.495008306312669, 1.485561451403739, 1.486798919094877, 1.497041442728897, 1.477095966324073, 1.491376810057839, 1.493882112112746, 1.50723425212294, 1.486436216269294, 1.482956247152127, 1.423659184940898, 1.426260824710852, 1.436901012979496, 1.430599413822254, 1.421829442884827, 1.541867789104019, 1.462724369114683, 1.430736435968644, 1.499194308325872, 1.547316974454116, 1.39438911738952, 1.313197544156635, 1.233364597492591, 1.235732369614887, 1.116632607299788, 1.335711075460058 ]
    }
}