{
    "00" : {
        "First Moment" : 0,
        "Second Moment" : 0,
        "Zeroth Moment" : 0,
        "beta" : 10,
        "imag" : [ -0.09216978359439665, -0.1811659519720765, -0.2295258909649616, -0.2553851939741283, -0.2654028431805635, -0.2649225401411575, -0.2609888678566543, -0.2570546783061065, -0.2420817072061618, -0.2372964666669528, -0.2291314173483041, -0.2222585812704247, -0.2093448100210171, -0.2220757437678245, -0.1926639676405344, -0.2018944531059734, -0.1866702611640072, -0.1915107737230901, -0.1686223621378762, -0.1762237259661799, -0.1325845226498412, -0.1585845470137333, -0.1515440054477484, -0.1360394660728677, -0.136196004613371, -0.1288638555108932, -0.1505400681482598, -0.1342917943171997, -0.1461209439933135, -0.1283627107642076, -0.164631991566079, -0.07789151621586754 ],
        "real" : [ 1.442410298470762, 1.443539665387428, 1.447091457376073, 1.451444043677908, 1.453248459422308, 1.457506779162383, 1.462098592682756, 1.468866811360628, 1.475293684750568, 1.476365035738623, 1.472291067588666, 1.480593227809271, 1.484261416982889, 1.496969120404903, 1.496144868893467, 1.497392991264281, 1.491842676958951, 1.502137054535829, 1.466452485833543, 1.490241414275011, 1.489078951517726, 1.493944033298816, 1.507712856172928, 1.498333012321361, 1.503406966408779, 1.497774696040727, 1.509957714139299, 1.491229285060669, 1.476204796731797, 1.459932936478448, 1.491027619943046, 1.435221781836798 ]
    },
    "0Pi" : {
        "First Moment" : 0,
        "Second Moment" : 0,
        "Zeroth Moment" : 0,
        "beta" : 10,
        "imag" : [ -0.1132594601495318, -0.2008365481007541, -0.2446040920602002, -0.2647918526135475, -0.274458151677698, -0.2692145374842156, -0.2633963847333503, -0.2600065737486448, -0.2522520597785034, -0.2401732756813493, -0.2297983467877449, -0.2267716190346585, -0.2101251716441386, -0.2030855485080725, -0.1852277672310834, -0.2003001952591497, -0.1663885734343626, -0.2039778533695795, -0.191627557291282, -0.152092075429012, -0.1656980759763975, -0.09686562839919866, -0.128682928242176, -0.1128297644452658, -0.1242250239124019, -0.09367952884550945, -0.07461721332654392, -0.1320645478482092, -0.1138994618935527, -0.09312497640347317, -0.133831798579596, -0.1118358191939421 ],
        "real" : [ 1.500042565065053, 1.500405836126454, 1.499999321866439, 1.501257967825762, 1.498857032850087, 1.499792125042446, 1.49750711622526, 1.498712784453957, 1.49990113794109, 1.483594220600745, 1.505421358924663, 1.496173009775493, 1.500807487063429, 1.49646498680843, 1.513857142944196, 1.479109624141818, 1.521434931072992, 1.513295589774649, 1.505909100654452, 1.508944105964625, 1.481868895180039, 1.520678024526715, 1.507516859999546, 1.437580787187153, 1.48168217993413, 1.456363211966336, 1.50397523710488, 1.511845817149205, 1.478323390014998, 1.482644075794386, 1.465646826233025, 1.455626841335883 ]
    },
    "PiPi" : {
        "First Moment" : 0,
        "Second Moment" : 0,
        "Zeroth Moment" : 0,
        "beta" : 10,
        "imag" : [ -0.09182700882925454, -0.1816082164283777, -0.2299660000515811, -0.2557715926700372, -0.2673001639763206, -0.2718198918150456, -0.2685824040192113, -0.265108614537378, -0.2585911983998734, -0.24978831926909, -0.2293143535380242, -0.2232800919181042, -0.2184436393185472, -0.2174323499785089, -0.1747677648069921, -0.2035790541093601, -0.1885537767417667, -0.1900189687263971, -0.1875987727449484, -0.1878263497344292, -0.1856271449005256, -0.1768392378957113, -0.1644870113880241, -0.1533502109151375, -0.1781457396328268, -0.159347788486123, -0.2088253852255022, -0.1628816205945114, -0.09797773454447523, -0.1418134152853767, -0.1159782251995658, -0.1028642259443124 ],
        "real" : [ 1.557458720380281, 1.555553117905111, 1.551742451978298, 1.545074697857078, 1.544043898284066, 1.539735942950706, 1.534829627785419, 1.530265419906637, 1.530262448255252, 1.53392069205212, 1.522380083190494, 1.527178388170759, 1.513419097231021, 1.510604106191197, 1.516395551198751, 1.526822853811726, 1.518325889487644, 1.498763450695831, 1.520527294876089, 1.514416675044907, 1.494944744199495, 1.525322107678187, 1.473153875864067, 1.510347395187132, 1.528808266597115, 1.518728848353417, 1.543243004764806, 1.495723031900994, 1.597763416713096, 1.510084770339389, 1.492784537452161, 1.550392447607679 ]
    }
}