{
    "00" : {
        "First Moment" : 0,
        "Second Moment" : 0,
        "Zeroth Moment" : 0,
        "beta" : 10,
        "imag" : [ -0.09198904966038923, -0.1810632411339541, -0.2309529559750079, -0.2545961808631678, -0.2663183596846976, -0.2657944391629705, -0.2643940468645019, -0.254678285327774, -0.2522314812542357, -0.2394082128763291, -0.228855163797415, -0.2228180066353858, -0.2116882086082246, -0.1989843270277376, -0.1874768581070629, -0.1842685046099355, -0.1813460020417672, -0.1643801507560188, -0.1528096759354032, -0.1313741379603144, -0.1283231413328121, -0.1299556879395691, -0.1065886204038495, -0.1225808579404077, -0.1158248446223986, -0.1772760551538184, -0.1834508568311435, -0.1409654389714063, -0.1327660502682342, -0.1399112194446062, -0.1268625607580773, -0.129506724649449 ],
        "real" : [ 1.441084870432789, 1.444085146828894, 1.446042799375775, 1.449135916948482, 1.45251587655127, 1.45497343048147, 1.460440950108002, 1.466890564254957, 1.462786304080518, 1.468861217342584, 1.469050429596731, 1.473201343955682, 1.485070498530863, 1.486161928150294, 1.475889816560381, 1.474124143600906, 1.470704536794722, 1.473489747173145, 1.473887572734645, 1.479152951839747, 1.470750386667273, 1.474581631302903, 1.535684856125756, 1.553973094793523, 1.506673144943391, 1.505712806194516, 1.511136794175973, 1.526853321540761, 1.53104634156125, 1.476210231707149, 1.512807678856228, 1.51454242494189 ]
    },
    "0Pi" : {
        "First Moment" : 0,
        "Second Moment" : 0,
        "Zeroth Moment" : 0,
        "beta" : 10,
        "imag" : [ -0.1135203231262027, -0.2013603194281728, -0.2433673939429255, -0.2662815985884017, -0.2703477208229437, -0.2681613892600025, -0.2621467689638255, -0.2624397425123179, -0.2522390379657704, -0.231083464353814, -0.2337177537551245, -0.2124642438679558, -0.2180001351090208, -0.2076981414023997, -0.1922584825056006, -0.1875061478410025, -0.202023598476746, -0.1716871445500949, -0.1378687043844913, -0.1507086907883011, -0.1644307722217757, -0.1620011605924727, -0.1270528053863611, -0.115859691717846, -0.1640920958403704, -0.145928227752492, -0.1205220073326565, -0.1199972023864646, -0.1176967625828844, -0.1138798010444972, -0.1189890681630636, -0.08057372345657754 ],
        "real" : [ 1.499945160336108, 1.499953636250927, 1.50032730187436, 1.498726062793306, 1.499134827842662, 1.500437009425972, 1.503474518648804, 1.497207144323885, 1.493769291124602, 1.494892760827506, 1.493245835268912, 1.497248538448587, 1.508166370697208, 1.495134214383359, 1.481501971264586, 1.505611551707208, 1.510901742206936, 1.51213915146079, 1.493643250547591, 1.497781313459017, 1.497358851962643, 1.494636762813728, 1.530855657918219, 1.47568353602307, 1.500378863239642, 1.465319159252506, 1.539983749205405, 1.475561740291945, 1.480408164736826, 1.421283890574996, 1.471901655763223, 1.549966075651537 ]
    },
    "PiPi" : {
        "First Moment" : 0,
        "Second Moment" : 0,
        "Zeroth Moment" : 0,
        "beta" : 10,
        "imag" : [ -0.09191841756449848, -0.1795068437219038, -0.2275535615433557, -0.2508970166577495, -0.262725209126756, -0.2627747594615819, -0.2620079821897576, -0.2523224206532282, -0.2410681024576196, -0.2350655305127463, -0.2201725739638221, -0.2109403464936612, -0.1925869027340763, -0.1839877429025769, -0.1741495218700191, -0.1618379566937307, -0.1578083437487763, -0.1613258900268359, -0.1452402504985848, -0.1414394055663255, -0.1431552626653865, -0.1320095317892598, -0.1296296747799293, -0.1303176990049764, -0.1251981525233248, -0.09411443186398216, -0.1073078819962738, -0.03367943248986904, -0.03995413302610729, -0.09424581942776555, -0.1309907039158311, -0.1463479027115291 ],
        "real" : [ 1.556959700661995, 1.554982012644291, 1.553025192379773, 1.549492843996361, 1.546090942339592, 1.543764221488613, 1.539921450320461, 1.534705972491819, 1.528809440107685, 1.529062356375825, 1.530453420293505, 1.532493103124569, 1.521300640596593, 1.516857451250234, 1.519332225691624, 1.522439853160956, 1.496352946959804, 1.519590250466082, 1.508213403803595, 1.49760879119273, 1.48998937465827, 1.474484927151893, 1.481587527933419, 1.512298015252138, 1.499344487834765, 1.541088945854076, 1.506074420745722, 1.505902307167927, 1.481189445587673, 1.459396132687702, 1.459245738629658, 1.401303592099538 ]
    }
}