{
    "00" : {
        "First Moment" : 0,
        "Second Moment" : 0,
        "Zeroth Moment" : 0,
        "beta" : 10,
        "imag" : [ -0.09141410987262999, -0.1810163556776099, -0.2303339466194507, -0.2546117186371957, -0.2640286742306208, -0.2694718972799537, -0.266000898243921, -0.2580629217222778, -0.2489815407471614, -0.2354704138177928, -0.2377312231544009, -0.2265251018118999, -0.2080463006785678, -0.2038036589526904, -0.1875655920650168, -0.1615402240329331, -0.1692188111740016, -0.1387206015237101, -0.1057942193667341, -0.1364589161496905, -0.1038710314414626, -0.09947211789397237, -0.0852926936275864, -0.08421729375028164, -0.05977360773382578, -0.02431151145867005, -0.0451695958520304, -0.06973493517376639, -0.03788422990642815, -0.04506669296157995, -0.08961458850609461, -0.07448617978230843 ],
        "real" : [ 1.441377176332727, 1.443725834078234, 1.445250378648122, 1.446864137229121, 1.452938749328406, 1.456025627371675, 1.456322797194515, 1.457285373965278, 1.463396137136636, 1.46350135421354, 1.459443896012307, 1.458657253773156, 1.463939116867593, 1.462070008728266, 1.457311655358814, 1.464926985205923, 1.477884851038757, 1.45794272473421, 1.466149084704189, 1.465831310882213, 1.467983071577539, 1.487345084817274, 1.455714172277101, 1.471762063550703, 1.500400043534243, 1.522198932136673, 1.537168409830137, 1.54833500057177, 1.540631048286773, 1.557803984048206, 1.542649744223509, 1.584071787058827 ]
    },
    "0Pi" : {
        "First Moment" : 0,
        "Second Moment" : 0,
        "Zeroth Moment" : 0,
        "beta" : 10,
        "imag" : [ -0.1129588726335315, -0.2002235768886615, -0.2431953758366272, -0.262959609384672, -0.2714601477435927, -0.269868364303345, -0.2632320953051055, -0.2577564191993291, -0.254346289848395, -0.2346917674995774, -0.2330707992076801, -0.2243039619766787, -0.2109497181509052, -0.1996368148804759, -0.1985064625390862, -0.1846713300602314, -0.1666329956181158, -0.1872995933022743, -0.1750487720845957, -0.1610034825708588, -0.1584591764041239, -0.1765822801294554, -0.1152471253731377, -0.1683982457777944, -0.1477094921471984, -0.1946757993603327, -0.09082319651890103, -0.1358625865113154, -0.1443647990372376, -0.04999022110307649, -0.1697400571040504, -0.07626674979823989 ],
        "real" : [ 1.499456424749444, 1.499456004933316, 1.499412750868862, 1.499405410943672, 1.501564057633187, 1.499135738305919, 1.502920773801059, 1.499554502229207, 1.501147484039499, 1.507358978268853, 1.493903523369213, 1.496867022125583, 1.513281592540754, 1.520874655507988, 1.496507609849467, 1.516636367771914, 1.486855450547161, 1.523243762626818, 1.517458377560415, 1.506295266680584, 1.505638321655084, 1.524388999443753, 1.529307203674091, 1.488698572888366, 1.504193517706647, 1.527619342800179, 1.505212556085196, 1.457236284602082, 1.548855108580861, 1.533237238146627, 1.506617492887025, 1.562281517733418 ]
    },
    "PiPi" : {
        "First Moment" : 0,
        "Second Moment" : 0,
        "Zeroth Moment" : 0,
        "beta" : 10,
        "imag" : [ -0.09228819299438218, -0.1810666137713852, -0.2295680204053454, -0.2533220780279866, -0.2658284724770752, -0.2678708410756085, -0.268887035163373, -0.2599039025548997, -0.2545666474810417, -0.2462513407267561, -0.2404204884268486, -0.2286957256726962, -0.2149798916194161, -0.2105301109279694, -0.2256735572466564, -0.1860884265209002, -0.1930943583181488, -0.1917327518680985, -0.1797421853811478, -0.1691214671439436, -0.1882064503822818, -0.1927844161972736, -0.1953159447550004, -0.195634282258224, -0.2274717064454386, -0.1388230138829307, -0.1451714545157543, -0.1622682489204088, -0.09541711362662397, -0.1100134691085977, -0.09237075089550473, -0.1932958736278536 ],
        "real" : [ 1.557093122185192, 1.555381419656376, 1.553487317070239, 1.548346860964488, 1.542246312771163, 1.538426203715935, 1.536662472587377, 1.52519500850689, 1.526099608757588, 1.528895884010629, 1.530084333478044, 1.538927632719158, 1.519775705769785, 1.511007073881601, 1.51092432659746, 1.506774494021782, 1.501589274504869, 1.497747713492178, 1.489955665364774, 1.507066470378966, 1.472093767964554, 1.51113866020851, 1.537474284386453, 1.533692850903536, 1.590604533569737, 1.502157947221506, 1.522018808303715, 1.581612236233987, 1.550423631941605, 1.458885556940231, 1.544027758571212, 1.551682453337165 ]
    }
}