{
    "00" : {
        "First Moment" : 0,
        "Second Moment" : 0,
        "Zeroth Moment" : 0,
        "beta" : 10,
        "imag" : [ -0.09238747530292635, -0.1816127053484802, -0.2300354263971855, -0.2539243149123451, -0.2673681037679536, -0.2701965349656303, -0.2649968907478639, -0.2575902825849399, -0.2501290626666854, -0.2422163852879322, -0.2358346067040538, -0.2310689838382176, -0.2256233469821982, -0.2075480893516719, -0.1988498717619311, -0.1881552075837103, -0.163629501909794, -0.178852586369004, -0.1807118716690272, -0.194096483568666, -0.1559850302503829, -0.1136576919499888, -0.1439244109889284, -0.1208950241457316, -0.1337601796737964, -0.1111264075992544, -0.09676168418608455, -0.1347953715360255, -0.09269980443509951, -0.02914668854364777, -0.04359125996947455, -0.07083628960825195 ],
        "real" : [ 1.441591364457275, 1.443491526809118, 1.446286935388688, 1.449819782066605, 1.455676143813715, 1.458410656954213, 1.463474182620226, 1.466432552813682, 1.472131533391051, 1.473388090370259, 1.478677186071111, 1.488509888425003, 1.476471418221242, 1.480080226146337, 1.477753242718026, 1.469474507036395, 1.48995230797631, 1.478232004198054, 1.50964399328419, 1.454924051230534, 1.472187744541313, 1.474545264598794, 1.498336644546868, 1.477743161598008, 1.535586361196486, 1.504349995440097, 1.435372481303322, 1.475468418695637, 1.514896906094104, 1.499597571453652, 1.522452964576642, 1.511909661917914 ]
    },
    "0Pi" : {
        "First Moment" : 0,
        "Second Moment" : 0,
        "Zeroth Moment" : 0,
        "beta" : 10,
        "imag" : [ -0.1136624790309362, -0.2015149957696218, -0.2443012620241767, -0.2643791583114674, -0.2702155444204513, -0.2680142367117537, -0.2679388549089881, -0.2592151804194449, -0.2563935784272156, -0.2407674090041123, -0.2313071669512086, -0.2325884154538134, -0.2058022795444536, -0.1912288677933969, -0.1985875280825287, -0.1934363657717082, -0.1755265166559266, -0.1615991964367058, -0.1718991028306576, -0.1860141742971582, -0.1457413553461784, -0.1551657125724919, -0.1359893437775419, -0.1696926010418345, -0.1151986477659293, -0.139421318098389, -0.1343821825051492, -0.08072171987456045, -0.1308811171329438, -0.0841982584474259, -0.06928055864183236, -0.07465806133521724 ],
        "real" : [ 1.500170724218054, 1.500434342417758, 1.500665399649917, 1.500300380010012, 1.500213866534961, 1.500415223652647, 1.497640594210733, 1.492456958453352, 1.494366470868534, 1.496248230875958, 1.497366966841123, 1.506003872468189, 1.508994250551145, 1.498053187959476, 1.49897461574658, 1.485763507942872, 1.500441183763858, 1.482755501931251, 1.505374984258862, 1.52547002686776, 1.480618005793295, 1.485092178702338, 1.469603728264282, 1.502810361274646, 1.497353937506482, 1.477604883152298, 1.540966215315782, 1.56967277445985, 1.567643810604808, 1.523433743168973, 1.523542118188977, 1.556944392507465 ]
    },
    "PiPi" : {
        "First Moment" : 0,
        "Second Moment" : 0,
        "Zeroth Moment" : 0,
        "beta" : 10,
        "imag" : [ -0.09148264221279234, -0.1808757251675959, -0.2304133181264101, -0.2554667687668961, -0.2690357499231681, -0.2685589742147814, -0.2676014418117187, -0.2576990471553433, -0.2504023121217687, -0.2443832531253021, -0.2405626397089744, -0.2266521297596586, -0.2171413689932251, -0.2071338967644714, -0.1988888216944797, -0.1916727098599704, -0.1735998111748138, -0.1783182070840574, -0.1507261336807098, -0.1444476152530676, -0.1060088248672706, -0.1011512436128026, -0.1376803654967826, -0.06761389135880336, -0.1033421674220243, -0.04447875245538313, -0.1145249972206486, -0.1097745923751354, -0.1289289509041289, -0.1554322520805229, -0.09448026068019999, -0.09083643891570148 ],
        "real" : [ 1.557664021476164, 1.555564770373075, 1.551805704854376, 1.550723270833355, 1.546817204908356, 1.541820144625272, 1.540256852579262, 1.533352323227764, 1.528852641053546, 1.530096495908483, 1.530976301402545, 1.536662544042874, 1.521824073017862, 1.529729196445168, 1.518736091641173, 1.521661782767814, 1.535076327164115, 1.519342057424975, 1.54054060115312, 1.530142645636312, 1.551947647380589, 1.506388629620396, 1.513312947033635, 1.508258160653689, 1.50337755285421, 1.447292086410866, 1.489049681576992, 1.427469561667891, 1.42201702053567, 1.443473247767946, 1.510465630131333, 1.506449073298454 ]
    }
}