{
    "00" : {
        "First Moment" : 0,
        "Second Moment" : 0,
        "Zeroth Moment" : 0,
        "beta" : 10,
        "imag" : [ -0.0900027851515548, -0.1790194862080026, -0.2266955292216633, -0.2509492879437984, -0.2614449580500846, -0.263596065428493, -0.2578306383486728, -0.2570195407221787, -0.2423163626666058, -0.229358973739215, -0.2221673695923627, -0.2182054853141135, -0.2039382690245244, -0.2004768091344342, -0.1859426520061227, -0.1886896249376129, -0.1613067452857209, -0.1616435722073799, -0.1623544966816723, -0.1217709664294642, -0.1343190617135814, -0.1616448737618494, -0.1619292403625412, -0.1511517978819867, -0.1443799429704065, -0.1520093555707902, -0.1649176589906745, -0.1474888268779182, -0.1063795223500996, -0.07479361863581602, -0.1115924614886801, -0.08752376886520707 ],
        "real" : [ 1.437512581038908, 1.439564741677191, 1.440632223629683, 1.444605676390538, 1.446402805171555, 1.450591289723972, 1.45222811843336, 1.461377390503554, 1.458957065147962, 1.463627258846778, 1.473431406356604, 1.483011650928724, 1.486940955002119, 1.486428593264497, 1.482700301014005, 1.491586970767614, 1.485480957745438, 1.517689695578295, 1.50517634645095, 1.511525329899219, 1.517747158535542, 1.538998123917014, 1.546479173545759, 1.496192038710181, 1.51390187983301, 1.514687814117828, 1.483903367636153, 1.501045367531092, 1.523264746690868, 1.458409782621247, 1.571780380325814, 1.427611037904921 ]
    },
    "0Pi" : {
        "First Moment" : 0,
        "Second Moment" : 0,
        "Zeroth Moment" : 0,
        "beta" : 10,
        "imag" : [ -0.1104511044423173, -0.1976994281566524, -0.2420056065398417, -0.2615941538728785, -0.2715358550653666, -0.2715672135200982, -0.2650646905202079, -0.2597503035659932, -0.2504102030430078, -0.2427189306632727, -0.2245523742221458, -0.219159094695569, -0.1958144263286314, -0.2058779755675086, -0.197319524169977, -0.1773785499846259, -0.1645024596831064, -0.1729198424103178, -0.1522786715770721, -0.1485979416165328, -0.176638571029974, -0.118119302913259, -0.15819695413159, -0.144621392092235, -0.1352841507020894, -0.1290953897937115, -0.1302743548575052, -0.1354890137825961, -0.06320170597449959, -0.1728944428886052, -0.1653486157084423, -0.1496195610907378 ],
        "real" : [ 1.493469908090119, 1.493430950428286, 1.493546881000095, 1.494537298038391, 1.494507949120557, 1.494322482461788, 1.496246614442606, 1.494821592046291, 1.491292258093285, 1.503102018269025, 1.484561998181745, 1.504387902903199, 1.482650641698786, 1.513935763290215, 1.486423752269533, 1.504969979095906, 1.505257266199122, 1.489580523854403, 1.472038651884423, 1.524987506347075, 1.533709750796038, 1.524924650998751, 1.496395360780139, 1.511665756061503, 1.492295932426313, 1.472936811975862, 1.437467070558411, 1.476632753284309, 1.468136194458317, 1.49865881384906, 1.45373783675308, 1.477775658078464 ]
    },
    "PiPi" : {
        "First Moment" : 0,
        "Second Moment" : 0,
        "Zeroth Moment" : 0,
        "beta" : 10,
        "imag" : [ -0.0906656520964535, -0.1788013682353382, -0.2284864782984122, -0.2532610146449628, -0.2671377866695934, -0.2647838989276865, -0.2599071504032695, -0.2546435728760743, -0.2428348974214867, -0.2367502310246277, -0.2237448137829476, -0.2211268787206579, -0.2026294656041436, -0.1966746297173465, -0.1912807238387249, -0.1810447242357309, -0.1667307803786944, -0.1602446238643065, -0.1733856255313473, -0.1689357334076007, -0.1531110008019567, -0.1421129144439934, -0.1401619171419757, -0.1539431750746338, -0.1480597091110454, -0.1150027791863941, -0.06494445534179505, -0.1181151182732485, -0.08178981932411133, -0.1161463283872699, -0.1257988747928778, -0.1301430307539526 ],
        "real" : [ 1.552737032292243, 1.55049687338842, 1.548252321339806, 1.544013598662759, 1.54102577676024, 1.536711217030349, 1.531830233552574, 1.532042105111254, 1.525087942971136, 1.517059631270463, 1.519843448544995, 1.511765388141328, 1.514251487443495, 1.519235929327696, 1.518552624802512, 1.503762799030991, 1.511584431553461, 1.501004760851031, 1.466755985057802, 1.488558019302092, 1.489386157921075, 1.491572195313901, 1.475317273485148, 1.494567148279139, 1.517810200833797, 1.534342860141652, 1.51833388948157, 1.442458136375467, 1.457748634180177, 1.470497038212532, 1.510850151839012, 1.506383092813241 ]
    }
}