{
    "A" : {
        "First Moment" : 4,
        "Second Moment" : 0,
        "Zeroth Moment" : 0,
        "beta" : 10.2,
        "imag" : [ -1.360727356001899, -1.232821927721099, -1.090172802105524, -0.9671235689419493, -0.8650830393454056, -0.7806065926163847, -0.709885579645966, -0.649740440964714, -0.5983465552900172, -0.5536482382993797, -0.5157305360890809, -0.481291645247673, -0.4510870264470024, -0.4237861283927136, -0.4013172814432072, -0.3794995292680449, -0.3597418188891648, -0.3419119040187791, -0.3262785411405792, -0.3105431722639484, -0.2965515219166541, -0.2843915760075901, -0.2739262637590936, -0.2625960628854455, -0.2527993068272878, -0.2429524930306591, -0.2343272618049204, -0.2277688951039878, -0.2208223381846189, -0.213666484782669, -0.2067304990759594, -0.2004507819713232, -0.1947857527729909, -0.1900334052842335, -0.1851423518856272, -0.179185029804924, -0.173606597421441, -0.1691714260817465, -0.1658138262404688, -0.1611234226804202, -0.1577822660401843, -0.1542859744384021, -0.1506790218692668, -0.1474560890794749, -0.1437232509842821, -0.1402102307061493, -0.1377931105505828, -0.1352549005951604, -0.1316423582124275, -0.1293467427991161, -0.1275345063716997, -0.1244147462540879, -0.1218347197955491, -0.1197026333285493, -0.1175425932005799, -0.1146683005606736, -0.1129101396250317, -0.1105489595099262, -0.1114578271971866, -0.1093221272184293, -0.1054013536057425, -0.1040452834116293, -0.1032927078408708, -0.1022749019656423, -0.1005292943881877, -0.09783231851414312, -0.0971880625974485, -0.09661012459832505, -0.09416259346449066, -0.09217077538129856, -0.09140016284796421, -0.08943932254433266, -0.08934535483161035, -0.0868885149436706, -0.08611660380841862, -0.08497942250271434, -0.08568661782653816, -0.0836683718864361, -0.08254101648191038, -0.08169404946753642, -0.08018937884549639, -0.07900223726839216, -0.07854174757609395, -0.07792137775590592, -0.07819122369132077, -0.07624417421527947, -0.07509117707759726, -0.07399325756831146, -0.07260132364231406, -0.07188090045190657, -0.07077367012303101, -0.0695694861477576, -0.0694248576973934, -0.06906884858585419, -0.06699656737458638, -0.06789676324536036, -0.06667012180024955, -0.06546122675368941, -0.06449719191015668, -0.06435328735512284, -0.06489435462474513, -0.06337062739361023, -0.06347611030807661, -0.06252663690558126, -0.06157960789470653, -0.06162358236688072, -0.05979659908365995, -0.05891651640700289, -0.05853805633628616, -0.05752490952488937, -0.05780410938516778, -0.05710150882332598, -0.05672021246017082, -0.0574344021701866, -0.05762000687901074, -0.05595931615387494, -0.05528158011389844, -0.05375258369912612, -0.05342998174888522, -0.05378959064887946, -0.05471500541223082, -0.05287670650056021, -0.05195074397118493, -0.05207853752422242, -0.05174408251912128, -0.05156016020494953, -0.05116117598433134, -0.05046124218838715, -0.05070721177115148, -0.0495117561740494, -0.0493517373855596, -0.0489516015947364, -0.04882326546826957, -0.04975121828784118, -0.04811331209407731, -0.04771976505988398, -0.04818994174206644, -0.04722840661637027, -0.04619988256125684, -0.04609230394815493, -0.04664290211933279, -0.04500120175083389, -0.04462231220703363, -0.04479344151104578, -0.04511234902608064, -0.04293254561854736, -0.04369879613067583, -0.04453421361651522, -0.04430204551718267, -0.04380279625596349, -0.04301922362900856, -0.04259562729812613, -0.04224591553004399, -0.04203523132933926, -0.04166351322800541, -0.04135217238245675, -0.04082898666827922, -0.04097953017429045, -0.04155290755853273, -0.04069988932124963, -0.04082620243666223, -0.0405137188349559, -0.04037618684285672 ],
        "real" : [ -0.001954060784993134, -0.06588076808996425, -0.06962272222658214, -0.0648997181643321, -0.05906994601200782, -0.05385001154210074, -0.04911535881336435, -0.04349802963737535, -0.03959950805897595, -0.03634352511354514, -0.03277264603998438, -0.03027325865869935, -0.02680603610539966, -0.02361977979802515, -0.02326594400780046, -0.02107193012128962, -0.01885305457100916, -0.01626167949124092, -0.0152091323872022, -0.01417964541957081, -0.0127958129394795, -0.01281916301343372, -0.0121576962605504, -0.01113950092077701, -0.01004192638284847, -0.009479844567055661, -0.008599734023889607, -0.008595381647435636, -0.008398918721626264, -0.007310221874256395, -0.006512907664490943, -0.006082289931792498, -0.006258155804092422, -0.00580339997495604, -0.005140900687437038, -0.004697105027699541, -0.004701200258950492, -0.003945186722656459, -0.003008106558418367, -0.003682245543077018, -0.003706842526922705, -0.00448701900076416, -0.004376708993171973, -0.00402431256989557, -0.00415081962496598, -0.003310206716198031, -0.002638685268240386, -0.001436407831652007, -0.002486347480674604, -0.003564292557939139, -0.00272353798090714, -0.001394472632422664, -0.00217662142770415, -0.002519339167263775, -0.001951180119518309, -0.001957001044277906, -0.002442426578942388, -0.001318471617812393, -0.002396250299878088, -0.001335974571788358, -0.001604182879825184, -0.001844815990764978, -0.001552216013538325, -0.001659778128800681, -0.001980271418625558, -0.002224542030831689, -0.002134272967718473, -0.001206540992115259, -0.001618026165895492, -0.0008292190001325389, -0.002023077984823939, -0.0008917270023620829, -0.0014268093611602, -0.001265529376463057, -0.002072010843765638, -0.002581804469519984, -0.001189739462245676, 8.068681168957315e-05, -0.0002282983787360669, -0.001486273004809097, -0.0009487235574834347, -0.0009156809131186001, -0.0004820771811677648, -0.0008603059671592065, -0.0008509796908500586, -0.0005695143118685927, -0.0002705249270179002, -0.0008027490951432702, -0.0005502390918200092, -0.0009853342058581092, -0.0002923983976759418, -0.001529375005515143, -0.000615983056188563, -0.0004781550490561793, -0.0001582907093393825, -0.0003083200238576849, -0.000553944205868402, -0.0004860270241819021, -0.001779150677900156, -0.002007132879156586, -0.0008867291289771026, -0.002383574067759455, -0.00146879664233997, -0.0008851379352507174, 0.0005584958179768269, 9.238013003848647e-05, 0.0008631933494236878, -0.001162471822903534, -0.0004521003790453077, -0.0006958963222340343, -0.0007172904165461489, -0.0006977519219334644, -0.0002768583294008534, -0.0007559238480488242, 8.096262589731961e-05, -0.0009392307873128704, -0.0006862662786186061, -0.000644286883972181, -0.0005002114250356841, -0.001299139747257417, -0.0006455488329531892, -0.0006373278462754655, -0.0005011716001447827, -0.0003450404936134726, -0.0009410152912781395, -0.0002480629137615875, -0.000209942612835602, 0.0003282202200729344, -0.001209483100497599, -9.681131138182097e-05, -0.0001842985540649487, -0.001133287981902503, -0.000379132577481114, -0.0004451417572762665, -0.0008496174298002097, -0.001993596142594509, -0.00269509453084093, -0.001345676904362939, -0.002258732039189811, -0.001063665965269353, -0.00103018241973255, -0.0008408855518716417, -0.002373850456009931, -0.0003554564206584374, 2.403228552714728e-06, -0.0006351393006832334, 0.0002255629229163262, -4.34336786507214e-05, -0.0004207253182523674, -0.001723171585257244, -0.001429882805295604, -0.001581525500757421, -0.00188495616558873, -0.001087206214389299, -0.000855961774913299, -0.001439126778075333, -0.001128209776878947, -0.0007047156530566668, -1.040586588496421e-05, 0.0006812326983336218, -0.0007028078411159969, -0.0001715924447616571, 0.0001463018732295873 ]
    }
}