{
    "iter_start": 100,
    "iter_max": 199,
    "k.dat": [
        13.7223101010101,
        0.007510793512120791
    ],
    "n.dat": [
        0.417510696969697,
        8.89964764420479e-05
    ],
    "sign.dat": [
        1.0,
        0.0
    ]
}