{
    "iter_start": 10,
    "iter_max": 139,
    "k.dat": [
        138.53688372093018,
        0.300055773314451
    ],
    "n.dat": [
        0.4929751162790698,
        9.55663354098825e-05
    ],
    "energy.dat": [
        -12.669375193798452,
        0.016388245130300468
    ],
    "docc.dat": [
        0.09799468682170548,
        0.0010224638249797511
    ],
    "sign.dat": [
        0.07276742868217055,
        0.0024046904935235325
    ],
    "ChiSz.dat": [
        1.605434496124032,
        0.02476383731774212
    ]
}