{
    "NMeas": [
        2628.25833333333,
        3.02537767624342
    ],
    "NWorkers": [
        960,
        0.0
    ],
    "Sz": [
        -0.00663622921177786,
        0.00807422472066272
    ],
    "SzSquared": [
        0.747848273693725,
        0.00111586439568658
    ],
    "docc": [
        0.0630379315236144,
        0.000278966098792507
    ],
    "k": [
        501.342279374642,
        0.180114499021192
    ],
    "n": [
        0.999999999894091,
        8.98959098427694e-13
    ],
    "n0Down": [
        0.503158336707505,
        0.00988252282724689
    ],
    "n0Up": [
        0.496841663092106,
        0.00988252282725969
    ],
    "n1Down": [
        0.497639728067819,
        0.00879056291574569
    ],
    "n1Up": [
        0.502360271854304,
        0.00879056291571999
    ],
    "n5Down": [
        0.50915627888348,
        0.00835479988832736
    ],
    "n5Up": [
        0.490843721077059,
        0.00835479988833011
    ],
    "sign": [
        1.0,
        0.0
    ]
}
