{
    "NMeas": [
        2629.46354166667,
        2.84314453336942
    ],
    "NWorkers": [
        960,
        0.0
    ],
    "Sz": [
        -0.0114926670168331,
        0.00798963592938052
    ],
    "SzSquared": [
        0.749417224357708,
        0.00109022064330238
    ],
    "docc": [
        0.0626456937598459,
        0.000272555160420509
    ],
    "k": [
        501.468336607974,
        0.173413336700628
    ],
    "n": [
        0.999999999698546,
        2.57702241781465e-12
    ],
    "n0Down": [
        0.507311044684355,
        0.0099714639536176
    ],
    "n0Up": [
        0.492688954745217,
        0.00997146395371143
    ],
    "n1Down": [
        0.501007744698062,
        0.00885335369972732
    ],
    "n1Up": [
        0.498992255081296,
        0.00885335369976923
    ],
    "n5Down": [
        0.508920210690651,
        0.00834644345372797
    ],
    "n5Up": [
        0.491079789196056,
        0.0083464434537624
    ],
    "sign": [
        1.0,
        0.0
    ]
}
