{
    "iter_start": 5,
    "iter_max": 65,
    "k.dat": [
        123.11210419714298,
        0.12584302444781192
    ],
    "n.dat": [
        0.9899444450948053,
        0.00032966966940774776
    ],
    "docc.dat": [
        0.09462365879616079,
        0.0005063082646739835
    ],
    "sign.dat": [
        0.9786447619046703,
        0.001336920684296291
    ]
}