{
    "00" : {
        "First Moment" : 2,
        "Second Moment" : 0,
        "Zeroth Moment" : 0,
        "beta" : 10,
        "imag" : [ -0.5666189283856163, -0.5203570122769652, -0.4800077716897979, -0.4422398987123697, -0.4069406963487809, -0.374495483654095, -0.3451071332721103, -0.3187461859955958, -0.2952296794605145, -0.274298503804463, -0.2556697222206337, -0.2390667050488018, -0.2242342135936006, -0.2109444116082884, -0.198997848802243, -0.1882219000882444, -0.1784680935852521, -0.1696091100065331, -0.1615358535785312, -0.154154778430561, -0.1473855369252792, -0.1411589557344364, -0.1354153165984098, -0.1301029071142299, -0.1251768043092412, -0.1205978555684801, -0.1163318251840124, -0.1123486790630821, -0.1086219843121761, -0.105128404205967, -0.1018472723526607, -0.09876023267326062 ],
        "real" : [ 0.6298402961976679, 0.4989657242705943, 0.396040215249212, 0.3163545031357735, 0.2550678775282034, 0.2078708208402911, 0.1713074975517914, 0.1427415596222064, 0.1202055770525008, 0.1022433236481173, 0.08777784743683803, 0.0760099434663366, 0.06634294107336824, 0.05832799151150514, 0.05162457767501216, 0.04597205874568511, 0.04116912226939684, 0.03705887798305163, 0.03351797755540575, 0.03044861604981541, 0.02777260639230716, 0.02542695435795261, 0.02336052727882976, 0.02153152589009721, 0.01990555045182152, 0.01845410999855224, 0.01715346454993005, 0.01598371939720344, 0.01492811163940422, 0.01397244439628809, 0.01310463524843186, 0.01231435362485334 ]
    },
    "0Pi" : {
        "First Moment" : 2,
        "Second Moment" : 0,
        "Zeroth Moment" : 0,
        "beta" : 10,
        "imag" : [ -0.9113205718779116, -0.7451235203757176, -0.6303813290260165, -0.5458033639810522, -0.480188817088711, -0.4275584938893258, -0.3843906723470676, -0.3484082655331084, -0.3180332497490177, -0.2921189946543583, -0.2698053691459608, -0.250432752226228, -0.2334869944549158, -0.2185621479757476, -0.2053342066832045, -0.193542085265916, -0.1829735664418859, -0.1734547627855996, -0.1648421191098688, -0.1570162809863689, -0.1498773513875555, -0.1433411907516469, -0.1373365085825924, -0.1318025605103639, -0.12668731206705, -0.1219459648579679, -0.117539766083901, -0.1134350410868663, -0.1096024025595419, -0.1060161005541573, -0.1026534853705243, -0.09949456145479374 ],
        "real" : [ 0.2794446326433488, 0.2493322461985434, 0.2134753457455909, 0.1782210996226199, 0.1473936821217385, 0.1219151425032581, 0.101362491487953, 0.08491520504213712, 0.07174758173309193, 0.06115479524141909, 0.05257315571685717, 0.04556446946503301, 0.03979196126381046, 0.03499747538664799, 0.03098268193931841, 0.02759445899334234, 0.02471382385681697, 0.02224765066311396, 0.02012249654187093, 0.01827999595450991, 0.01667341278999102, 0.01526504587722943, 0.01402426473198681, 0.01292601255013182, 0.01194965741417375, 0.01107810455502878, 0.0102971055805352, 0.009594717300253963, 0.008960874927772311, 0.008387053315135118, 0.007865996385793217, 0.007391499739288543 ]
    },
    "PiPi" : {
        "First Moment" : 2,
        "Second Moment" : 0,
        "Zeroth Moment" : 0,
        "beta" : 10,
        "imag" : [ -1.170217584092458, -0.9403027802507598, -0.771917331787193, -0.6474202552542181, -0.5535733574785402, -0.4812553283093375, -0.4243174953010884, -0.3785993891046751, -0.3412421205868252, -0.310241877922512, -0.2841649174824719, -0.261964823249393, -0.2428636282450043, -0.2262730536033359, -0.2117413173251119, -0.1989165318891146, -0.1875210651975738, -0.1773332797141531, -0.1681743237443438, -0.1598984389602887, -0.1523857528092893, -0.1455368521327873, -0.1392686506561756, -0.1335112080632275, -0.1282052570633638, -0.1233002629451256, -0.1187528876928745, -0.1145257644067321, -0.1105865118592178, -0.1069069364505353, -0.1034623815645368, -0.1002311937308242 ],
        "real" : [ 0.05261962345581128, 0.06337472876652606, 0.06242202636472627, 0.05586181956569103, 0.04786838178523678, 0.04032724267738641, 0.0338469742750408, 0.02848901379958446, 0.02412384140939983, 0.02057893381249964, 0.01769261166736558, 0.0153293794056204, 0.0133808417866198, 0.01176199986365689, 0.01040668096450137, 0.009263395069890268, 0.008291949299676249, 0.00746080486407541, 0.006745056596503041, 0.006124902086568351, 0.005584484404059342, 0.005111015898021321, 0.004694112290759556, 0.004325284001772345, 0.003997545288320192, 0.003705112022169055, 0.003443166487356875, 0.003207673144416834, 0.002995233386786866, 0.002802970313762754, 0.0026284367547591, 0.002469541416132648 ]
    }
}