{
    "00" : {
        "First Moment" : 1.79,
        "Second Moment" : 0,
        "Zeroth Moment" : 0,
        "beta" : 10,
        "imag" : [ -0.8050450870033983, -0.6311670015755098, -0.5277899297082072, -0.456845324942647, -0.402997599083349, -0.3608514603231812, -0.3259849803402113, -0.2973390525756887, -0.2729400327168461, -0.252319001823572, -0.2343927783827359, -0.2182416623553481, -0.2038937320729287, -0.1917771234993008, -0.1803668844145376, -0.1702217790511412, -0.1618192886966368, -0.1535317469563342, -0.146654897817162, -0.1398078527710052, -0.1335935284185087, -0.127918920557525, -0.1223119918910033, -0.1177251269149048, -0.1131479916219968, -0.1092462981735967, -0.1053675838282132, -0.1014907005320431, -0.09861630519050238, -0.09532783706220443, -0.09261507401110657, -0.08923601480645438 ],
        "real" : [ 0.1613707635994371, 0.1225901499327003, 0.09178313445238109, 0.07019802390089883, 0.05473472562911159, 0.04308023133992732, 0.03498177746006576, 0.02901645401463125, 0.02391085858909608, 0.02030971023168265, 0.01697739906877775, 0.01421936721338473, 0.01224464126629659, 0.01104199194493101, 0.009497450687679911, 0.008901925021871438, 0.007821020452664952, 0.006803449395619721, 0.006255992870536376, 0.005701962207879774, 0.004766514522437415, 0.004586958314497069, 0.003988357008995314, 0.003717010359510797, 0.003678645531175118, 0.003583310164549514, 0.002890691894695951, 0.002846058072310664, 0.002574869763237931, 0.002398360454589011, 0.001533344208948084, 0.001857662411733641 ]
    },
    "0Pi" : {
        "First Moment" : 2.67,
        "Second Moment" : 0,
        "Zeroth Moment" : 0,
        "beta" : 10,
        "imag" : [ -1.221665668441657, -0.936291824070721, -0.7730873901549573, -0.6648183056424946, -0.5846071695425817, -0.5219257800275257, -0.4709988129246498, -0.4292949546092301, -0.3934865545144745, -0.3632987511284752, -0.3374246133759999, -0.3145246114246442, -0.2937206086495223, -0.276343353378528, -0.2597274773522047, -0.2455645903628142, -0.2327182391950988, -0.2207328233168743, -0.2107156417567525, -0.2006986959995199, -0.1923624401493947, -0.183977982062367, -0.1762685012438588, -0.1692340150533793, -0.1625309448851649, -0.1566470872744017, -0.1511106550041266, -0.1460289669143791, -0.1411191137399879, -0.1370271777861099, -0.1328364691376372, -0.1285711137600803 ],
        "real" : [ -0.3491416318616084, -0.2341392798475247, -0.1678097570523464, -0.1268896420982077, -0.09946301429224096, -0.08040567938632456, -0.06577111158013541, -0.05475777597318046, -0.04639717833034401, -0.03944026247748761, -0.03431077212453115, -0.02970012488348336, -0.02603252651595414, -0.02285302867862637, -0.02046815889259187, -0.0177677169930336, -0.01644215859671683, -0.01483346864453947, -0.01378486679553834, -0.0123637219024778, -0.01115064966054261, -0.01017156288744436, -0.009482195852444447, -0.008410393769543978, -0.008073493025866553, -0.007449363049705677, -0.006920573768372807, -0.006352009718423945, -0.005960363663963986, -0.005822591911719613, -0.005441541922597417, -0.005194740113551515 ]
    },
    "PiPi" : {
        "First Moment" : 2.59,
        "Second Moment" : 0,
        "Zeroth Moment" : 0,
        "beta" : 10,
        "imag" : [ -1.165175994036815, -0.9021849176247405, -0.7477397544223202, -0.6439037590821001, -0.5666375751193656, -0.5059598743194618, -0.4567618234400331, -0.4164018209555931, -0.3817272522879211, -0.3524799932470956, -0.3274310639422134, -0.3053804785903955, -0.2851996158256675, -0.2683749311877303, -0.2522618027362745, -0.2385860180128883, -0.2260330714833406, -0.2143931849254113, -0.2046788431116235, -0.1949213672695198, -0.1869476455580113, -0.1788157852522552, -0.1713244224797624, -0.1644656238084487, -0.1578834575567267, -0.1521363867753024, -0.1467781292038019, -0.1419132895849906, -0.1370291169724858, -0.1331831409090057, -0.1290985101762949, -0.1250473442449849 ],
        "real" : [ -0.4202892752944598, -0.2895228284883098, -0.2121105894124818, -0.1628814953117932, -0.1289844812714243, -0.1048245240023288, -0.0862294465267268, -0.07210179130222379, -0.06117540527033487, -0.05210348788355127, -0.04527745596988719, -0.03925233368316607, -0.03440091874708199, -0.03032193715729726, -0.02707396356668359, -0.02373863197188083, -0.02183190863934008, -0.01960035750378637, -0.01826269238915161, -0.01636864921563821, -0.01479171742370715, -0.01348199989914406, -0.01250656798282388, -0.01114279449627983, -0.01070281442182336, -0.009922643544238231, -0.009136419121314954, -0.008448770422458018, -0.007916845381992776, -0.007697200040706721, -0.007058015396246642, -0.006819660404240868 ]
    }
}