{
    "00" : {
        "First Moment" : 1.79,
        "Second Moment" : 0,
        "Zeroth Moment" : 0,
        "beta" : 10,
        "imag" : [ -0.8395008594767069, -0.6606314607106529, -0.5475934600572345, -0.4685976270616754, -0.4099845840923629, -0.3643450649614715, -0.3280360644635115, -0.2979497766478789, -0.2730717960659003, -0.2515170895222906, -0.2330775348802598, -0.2171325452837058, -0.2029744937434818, -0.1905787482223185, -0.1793722758957108, -0.1695303396270363, -0.1604753561687207, -0.1522526908623304, -0.144853002552265, -0.1381574392520912, -0.1322814687167458, -0.1266183065726053, -0.1211879866512958, -0.116781382146965, -0.1121389813774444, -0.1082123890972673, -0.1044295119849137, -0.1006469963119773, -0.09756161356841794, -0.09425869154166557, -0.09121541177322318, -0.08854432048400353 ],
        "real" : [ 0.06086528406383825, 0.04662512333337783, 0.03519518251055159, 0.02706144921035383, 0.0215644987649486, 0.01735208566804519, 0.0141886650287726, 0.01179220087564846, 0.009821878002547607, 0.008564605308788924, 0.007266015739398906, 0.006131050079773786, 0.005093234073107194, 0.004784338661842299, 0.004087431544504814, 0.003510704592247278, 0.002871620903164038, 0.002859372473493194, 0.002516635674420156, 0.002306425993191863, 0.002298915504818293, 0.001920612092453555, 0.002009327239476728, 0.001747972720727777, 0.001555398754990631, 0.001462069202599994, 0.001303117778939291, 0.001183632125285696, 0.001311919013406013, 0.001069610073621901, 0.001245705024096695, 0.0009810480496463337 ]
    },
    "0Pi" : {
        "First Moment" : 2.67,
        "Second Moment" : 0,
        "Zeroth Moment" : 0,
        "beta" : 10,
        "imag" : [ -1.271052622910633, -0.9718311877169561, -0.7990012941894695, -0.6843336835384765, -0.5995450950316648, -0.5342304974372236, -0.4820706541469085, -0.4386145500214897, -0.4025065963590503, -0.3711588806229564, -0.3441314627695628, -0.3209040585933466, -0.3002687495620629, -0.2819620176044599, -0.2653645516698069, -0.2508450851082553, -0.2378512942460037, -0.2260453895834147, -0.2152054538767245, -0.2048757256152715, -0.1961478337220821, -0.187915964977194, -0.1800422736410649, -0.1728631591253227, -0.1664008475455661, -0.1603501217878159, -0.1549510933309938, -0.1495716821545198, -0.1443990159562235, -0.1399463107216889, -0.135431235140808, -0.1315445484123489 ],
        "real" : [ -0.5281686915117213, -0.3589507614992369, -0.2551410696995559, -0.1896981362268952, -0.146187728112802, -0.1155251712088843, -0.09334163036287699, -0.07721289187915985, -0.06454344562279424, -0.05482375442659634, -0.04680014243775902, -0.04047858645001837, -0.03535315609445244, -0.03097582852244013, -0.02756295821345668, -0.02438135818224103, -0.02238952695062377, -0.01981288627039868, -0.01780838442784194, -0.01615469044903366, -0.01492331371865671, -0.01367421044598861, -0.01253657392598879, -0.01163024672408248, -0.01099092958644491, -0.00970420506356044, -0.009033011477109651, -0.008694675287786606, -0.007868557839253248, -0.007760532865734585, -0.007296142646111511, -0.006535552470231592 ]
    },
    "PiPi" : {
        "First Moment" : 2.59,
        "Second Moment" : 0,
        "Zeroth Moment" : 0,
        "beta" : 10,
        "imag" : [ -1.172967904944812, -0.9090465951618458, -0.7533674911682091, -0.6489480971531325, -0.5708301353837575, -0.5103214502961805, -0.4616885373320403, -0.4208989804441955, -0.3868666504926043, -0.3571748918014232, -0.3315118388654487, -0.3094233200135139, -0.2897720150638798, -0.2722585644653872, -0.2563007287955775, -0.2424182912781386, -0.2299709621646696, -0.2186653364050249, -0.2082785279277018, -0.1982647746992007, -0.1898685111049487, -0.1819694401093842, -0.1743677255150302, -0.1673367800113134, -0.1611531492036619, -0.1552985856685711, -0.1501072823258478, -0.1449359673263053, -0.139823328300194, -0.1355886177881432, -0.1312222009165311, -0.1274931645376343 ],
        "real" : [ -0.5746459591801389, -0.3969999685819536, -0.2865839237499911, -0.2157475185607723, -0.1678278146188312, -0.1336105317942096, -0.1086169655230101, -0.09024920678694615, -0.07573178042809413, -0.0645538789398729, -0.05522017365367757, -0.04783775907796672, -0.04181578603589994, -0.03675290261904286, -0.03268689345709894, -0.02892511578595846, -0.02650616144696542, -0.02357176422356051, -0.02120135118244975, -0.01923635047215774, -0.01781321351625816, -0.01628850831622244, -0.01497225696710059, -0.0138521096019184, -0.01309524299275673, -0.01156836793416235, -0.01075510065956805, -0.01033275089504692, -0.009439392159380822, -0.009272818790292426, -0.008797796328468614, -0.007845999484336697 ]
    }
}