{
    "00" : {
        "First Moment" : 1.79,
        "Second Moment" : 0,
        "Zeroth Moment" : 0,
        "beta" : 10,
        "imag" : [ -0.8450664313811236, -0.6669536762543036, -0.5523595186221195, -0.4722192893057831, -0.4122137430764455, -0.3657568525591942, -0.328868234809816, -0.2982224188653787, -0.2732472230314926, -0.251587524612965, -0.2329894780500907, -0.2169135014717258, -0.2028653610287823, -0.1903665408518952, -0.1792047082014095, -0.1692832211196955, -0.1603389293929359, -0.1522875170047542, -0.1449250477106645, -0.138513412801774, -0.1322076124208095, -0.1262839737302461, -0.1210888914050941, -0.1166047054674476, -0.1120309033328302, -0.1078501190941938, -0.1040038434210486, -0.1004747626371374, -0.09721258884161957, -0.09406319301749563, -0.09112120167405205, -0.08827010874045901 ],
        "real" : [ 0.0385955447159091, 0.03099920992858502, 0.02369892950912986, 0.01866614945124084, 0.01492348815467779, 0.01223793435718237, 0.0100743609130598, 0.008617951368376519, 0.007178535040511933, 0.006093331347240842, 0.005574189598418779, 0.004673336840267163, 0.00388773640368097, 0.00334536643756414, 0.002925290301750045, 0.002887453591096583, 0.002642950457770563, 0.0021601079569013, 0.001856736077098418, 0.001581718033625645, 0.001279423954401658, 0.001476037959792811, 0.001423896406162113, 0.001373827822568972, 0.00102585101380109, 0.0008364969545049442, 0.0008645671457506023, 0.001007230693068992, 0.001045165281681717, 0.0008435520379187117, 0.0009902850691381289, 0.0006857736608383687 ]
    },
    "0Pi" : {
        "First Moment" : 2.67,
        "Second Moment" : 0,
        "Zeroth Moment" : 0,
        "beta" : 10,
        "imag" : [ -1.275735769886298, -0.9764719121880041, -0.8028687857729027, -0.6868518719155247, -0.6015759662726247, -0.5360995144681131, -0.4834785086179784, -0.4396656846414564, -0.4034168256459295, -0.3718965461480853, -0.3450992241259317, -0.3213928422750726, -0.300617211143293, -0.282331085476602, -0.2657364135677321, -0.251031333627155, -0.2381313647410433, -0.2262627303121831, -0.2153349498280652, -0.2054588314305417, -0.1964693720941102, -0.1879746919152182, -0.1801307098757865, -0.173319745472875, -0.166670157377914, -0.1604531920518089, -0.1547860103845797, -0.1496831060259482, -0.1445842128564176, -0.1400563883470634, -0.1355204923205151, -0.1316722769290669 ],
        "real" : [ -0.5681581215232318, -0.3864976506020836, -0.2742344009789221, -0.2029529650595276, -0.1556579988057509, -0.1226088481903947, -0.09891711190595495, -0.08141694928475293, -0.06774571533473349, -0.05747052226912533, -0.0492918288661819, -0.04254435487521316, -0.03698514922340568, -0.03269864877316709, -0.02892100167495547, -0.02528994723968914, -0.0226176829515369, -0.02054870854478106, -0.01856563275753791, -0.01689742823208181, -0.01548251528948216, -0.01438969722097119, -0.01299537861903783, -0.01212458812507281, -0.0115917981508323, -0.01046614555874897, -0.009569078758944107, -0.008978236990831195, -0.008568253425647664, -0.008066194967453083, -0.00727773382279666, -0.0069986522704852 ]
    },
    "PiPi" : {
        "First Moment" : 2.59,
        "Second Moment" : 0,
        "Zeroth Moment" : 0,
        "beta" : 10,
        "imag" : [ -1.172024922537145, -0.9098513262599617, -0.754524645907626, -0.6494409574139052, -0.5714438740275408, -0.511169279778648, -0.4623254250279417, -0.4213540120686858, -0.3873097774847667, -0.357545880242602, -0.3321728755113904, -0.3096572753931403, -0.289869965388058, -0.2724193163496599, -0.2565173279993812, -0.2424529341457609, -0.2301338800576554, -0.2187496210391333, -0.2082297863809844, -0.1986868321253162, -0.1900820033505112, -0.1819393852532395, -0.1743350566579173, -0.1677662891139795, -0.1613541401816393, -0.1553763145225904, -0.1499176173274342, -0.1450277816229534, -0.1400067278483933, -0.1356902636211525, -0.1312665413755776, -0.1276063210789859 ],
        "real" : [ -0.6097371190966668, -0.421653295764676, -0.3037676409677816, -0.2275780111200362, -0.1761539326865005, -0.1398603470106069, -0.1134974858635547, -0.09388384585442901, -0.07843591300358345, -0.06674661686349354, -0.05746677719732728, -0.04967103090512862, -0.0432366372461121, -0.03825341857450394, -0.03386166230976299, -0.02969168004266744, -0.02659298375212282, -0.02411852904305697, -0.02179960374197862, -0.01982644548244207, -0.01813474759324783, -0.01693790319975045, -0.01531314558093423, -0.0142993037010547, -0.01359861574843929, -0.01228131455684199, -0.01123099749281546, -0.01059284964901453, -0.01011174628953214, -0.009509588350299872, -0.008617027113055516, -0.008266824359286225 ]
    }
}