{
    "00" : {
        "First Moment" : 1.79,
        "Second Moment" : 0,
        "Zeroth Moment" : 0,
        "beta" : 10,
        "imag" : [ -0.8460919493878013, -0.6685827914426248, -0.5533875166852305, -0.4728695934337351, -0.4126356281509517, -0.3662840694185684, -0.329060913354309, -0.2985505672482078, -0.2732544351315584, -0.2516206082021519, -0.2329024474674536, -0.2169976143899144, -0.2028848868308781, -0.1904531777217451, -0.1789037761258975, -0.1692112222888154, -0.1602476744890172, -0.1522325393731843, -0.1447058236383723, -0.1382745277623081, -0.1322736663882787, -0.1265099013357528, -0.1212902048683279, -0.1164757770325283, -0.112036833880382, -0.1079858855971404, -0.1040144197014749, -0.1005343657057558, -0.09708149215712128, -0.09399118039888973, -0.09102315533829525, -0.08804201649655773 ],
        "real" : [ 0.03342786987165804, 0.02738585585183216, 0.0210260395758387, 0.01658787337354926, 0.01354169259321385, 0.01133601598127252, 0.009486362103052049, 0.008345118270014131, 0.006750062003637538, 0.005739947407641651, 0.004975824572941951, 0.004431033735156365, 0.003648947043578062, 0.003396401049132961, 0.002995909734574132, 0.002742900245803618, 0.002314712108249655, 0.00219325116761146, 0.001915208147072551, 0.001846841115155021, 0.001392090094211866, 0.001246874803871814, 0.0009120000694511328, 0.0009469369501154033, 0.0008394876208830667, 0.0007923729004128527, 0.0006698198116175155, 0.0009269369157104999, 0.0008845268570174616, 0.0006684795474011093, 0.0004374073079465699, 0.0006526670661240614 ]
    },
    "0Pi" : {
        "First Moment" : 2.67,
        "Second Moment" : 0,
        "Zeroth Moment" : 0,
        "beta" : 10,
        "imag" : [ -1.275812186991952, -0.9774300430481073, -0.8034743442661776, -0.6873772940829362, -0.6022327550154576, -0.5366527452063381, -0.4835097629630051, -0.4399045773454413, -0.4033529790076628, -0.3719321896750002, -0.3449658793085651, -0.3214329188460653, -0.3008352150435458, -0.2823637884413118, -0.265955047956728, -0.2513525527470905, -0.2383115757127585, -0.2265001502526005, -0.2153978665371017, -0.2052268738769615, -0.1964999831815211, -0.1880202305101091, -0.1803894520771072, -0.173175349553897, -0.1667138513727276, -0.1608011619717485, -0.1550670410980867, -0.1497370532534097, -0.1446985662221297, -0.1398290109420878, -0.1355821680439983, -0.1314883701700737 ],
        "real" : [ -0.5768941991202248, -0.3927443308899909, -0.2784116131406662, -0.2059338379776804, -0.1576894111148195, -0.1241377253002772, -0.100245519065746, -0.08197104744518721, -0.06844705835692472, -0.05777110459572241, -0.04957091312628777, -0.04256485236522221, -0.03740103904300368, -0.03289035279589458, -0.02917627801337942, -0.02589170787450026, -0.02301828342398262, -0.02072331682334771, -0.01879932628030478, -0.01716845094271824, -0.01582219485141601, -0.01485934452898737, -0.0134702910984695, -0.01243873041360919, -0.01133533823577202, -0.01071212893715911, -0.009924846545564794, -0.00927342254083824, -0.008658308242006947, -0.008065729319405893, -0.007447587692579709, -0.006892622023773355 ]
    },
    "PiPi" : {
        "First Moment" : 2.59,
        "Second Moment" : 0,
        "Zeroth Moment" : 0,
        "beta" : 10,
        "imag" : [ -1.171251633169295, -0.9101653545640627, -0.7547656134470067, -0.6497111959549807, -0.5719584444534548, -0.511577343276253, -0.4621863799482451, -0.4214828777795551, -0.3871492036018611, -0.3575406621228236, -0.3320488907050519, -0.3096815078867901, -0.2900912075276577, -0.2724025964591211, -0.2567786926393007, -0.2427538489906723, -0.2303245516777196, -0.2189977484254177, -0.2083368576277285, -0.1984270353636434, -0.1900797330989629, -0.1818932429739951, -0.1745788292125183, -0.1676220548686289, -0.1614040915561565, -0.1557116213301941, -0.1502275827360046, -0.1450404381698906, -0.1401559945375761, -0.1354097568430762, -0.1313239057071439, -0.1274415928268109 ],
        "real" : [ -0.6174015037508523, -0.4273673232573731, -0.3076040101541618, -0.2302991979285852, -0.1780459382966099, -0.1412887415668812, -0.1147900797980569, -0.09439066058746665, -0.07910227674582314, -0.06696610835311502, -0.05763074432135832, -0.04961372979664657, -0.0436153697840925, -0.0384424379585932, -0.034129639249515, -0.03036444648345447, -0.02701522279478046, -0.02435647303690044, -0.02205901899228738, -0.02018713687442538, -0.01857527226554454, -0.01742433270355822, -0.01574044889320122, -0.01453778606056829, -0.01325656067734861, -0.01252996528646951, -0.01162131107788259, -0.01091942166482668, -0.01019763877632997, -0.009468688684171353, -0.008701448630943805, -0.008112524008214645 ]
    }
}