{
    "00" : {
        "First Moment" : 1.79,
        "Second Moment" : 0,
        "Zeroth Moment" : 0,
        "beta" : 10,
        "imag" : [ -0.8464299917484744, -0.6685651121172016, -0.5533024863226147, -0.4726531852213212, -0.4126741763985852, -0.3660987228930422, -0.3288160322799057, -0.2985471986019701, -0.2733214815580815, -0.2515198522946896, -0.2331136787626703, -0.2170099052578792, -0.2029335802089678, -0.1902988820714674, -0.1791948727156747, -0.1692026950170581, -0.1601799622335301, -0.1521566670595491, -0.1447362704882308, -0.1384751453696247, -0.1319540974631202, -0.1260763772777201, -0.1211645292280868, -0.1163611885981233, -0.112031606677722, -0.1078116474725379, -0.103844559989518, -0.1002468358858977, -0.09725907988085909, -0.09413067752231491, -0.09121183197613159, -0.08845476697295097 ],
        "real" : [ 0.03290907180649558, 0.02666729175870276, 0.02062186432874212, 0.0164925780035459, 0.01314615832205581, 0.01094870469371127, 0.009559720720322247, 0.008506417664398001, 0.007183984486855039, 0.006116247852291838, 0.005173990803036873, 0.004219998877343285, 0.003773646784129211, 0.003257704440850406, 0.002971770752202423, 0.002451286973424907, 0.002440306819793661, 0.002131906709641937, 0.002049364601854984, 0.001746648308155067, 0.00152468597890038, 0.001570863637156833, 0.001334531790880189, 0.001095465828789412, 0.001204629067203891, 0.001044766565405149, 0.001047743165599058, 0.001175849125678336, 0.001092104691989483, 0.0008154164375268599, 0.0005983520404715682, 0.0008246804468766316 ]
    },
    "0Pi" : {
        "First Moment" : 2.67,
        "Second Moment" : 0,
        "Zeroth Moment" : 0,
        "beta" : 10,
        "imag" : [ -1.27524978926562, -0.9771006072568358, -0.8031785339620713, -0.6868658725276507, -0.6020904075036093, -0.5365220004671721, -0.4832981422621377, -0.4396390079986917, -0.4027659401413625, -0.3715135776794841, -0.3447774419999152, -0.3214527050386108, -0.3008343752891366, -0.2823771563283288, -0.2660223092831025, -0.2514715147212668, -0.2379401709601325, -0.2262708974144944, -0.2153244974843654, -0.2056592658907651, -0.1962140571976606, -0.1880815216008922, -0.1801628970735506, -0.1735326151713106, -0.166907150559694, -0.1603998768231141, -0.1548675621053698, -0.1496506447488989, -0.1446755334766068, -0.1402568231634636, -0.1361301864806807, -0.131902581043247 ],
        "real" : [ -0.578153571170187, -0.393740655952186, -0.2788883086976019, -0.2061298867740472, -0.1579434641919514, -0.1243165685462659, -0.100057060028348, -0.08178111651083482, -0.06832207499834407, -0.05785552991802044, -0.049549411866079, -0.04290883989795504, -0.03739117769109689, -0.0329140931275765, -0.02896482962474149, -0.02600284225873071, -0.02308409475799813, -0.02095192588769397, -0.01866684858264846, -0.01726307296915843, -0.01584826673912147, -0.01432311274281931, -0.01316961868254665, -0.01226927007411942, -0.01144574373238722, -0.01065080604595622, -0.009724834516002919, -0.009241842617827348, -0.008232329986595783, -0.008116707840582126, -0.007604526926479649, -0.007082215262346689 ]
    },
    "PiPi" : {
        "First Moment" : 2.59,
        "Second Moment" : 0,
        "Zeroth Moment" : 0,
        "beta" : 10,
        "imag" : [ -1.170681914728111, -0.9098191584737433, -0.7544837727649935, -0.6492371396619765, -0.571852076000112, -0.5114959251441781, -0.4620706516763046, -0.4212262240110212, -0.3865302092162588, -0.3571392594298047, -0.3318165379425707, -0.3097158467440035, -0.290090614097001, -0.2724700288975723, -0.2568606370857024, -0.2429329371905258, -0.2299282843043027, -0.2187559896760027, -0.2082723907427346, -0.1989096904683281, -0.1898030285607979, -0.1820676032398735, -0.1743837502003417, -0.1680687479813962, -0.1616349500584865, -0.1552972401708821, -0.1500495236366259, -0.1450048636233235, -0.1401413986264498, -0.1358742442702004, -0.1319311257644975, -0.1278435415081914 ],
        "real" : [ -0.6185673958443058, -0.4282854869733619, -0.308038507441542, -0.2304576678805243, -0.1782699451849787, -0.1414564648435531, -0.1146178120465003, -0.09424678784745791, -0.07899707385471115, -0.06711676618673897, -0.05760708945318056, -0.04994849063991876, -0.04361050417429715, -0.03841954580666598, -0.03386662920153539, -0.03043606737919278, -0.02707952287324292, -0.02459439754607034, -0.02194590895747895, -0.02025032533513696, -0.01857273488607043, -0.01686967650368288, -0.01548536260068095, -0.01439847432101254, -0.01347963850905084, -0.01250544839876844, -0.01142597913785012, -0.0109024351252376, -0.009731758785064951, -0.009546929436896553, -0.008913315956615665, -0.008353858213866642 ]
    }
}