{
    "00" : {
        "First Moment" : 1.79,
        "Second Moment" : 0,
        "Zeroth Moment" : 0,
        "beta" : 10,
        "imag" : [ -0.8468130962979128, -0.6687597901570954, -0.5536928177755802, -0.4727426934147539, -0.4126756267150444, -0.3662799437458488, -0.3291947670384917, -0.2986603454552644, -0.2730200559399129, -0.251553907384646, -0.232886290845172, -0.2165066379021109, -0.2024581980311429, -0.1901342669286667, -0.1788814105820121, -0.1686605062302574, -0.1599738975850553, -0.151915474887813, -0.1448796902295283, -0.1380955904393974, -0.1320282368638144, -0.1260130606806646, -0.1210467233504855, -0.1164294977780838, -0.1120993601817766, -0.1077846500961329, -0.1045081420731939, -0.1005480986921, -0.09718523837106072, -0.09390071432774216, -0.09088472270560073, -0.08829845475641772 ],
        "real" : [ 0.03163696378060094, 0.0263484995704151, 0.02018295806558534, 0.01612285270587813, 0.01305614046367703, 0.01069452858845489, 0.008941357845422611, 0.007723303455435852, 0.006563233309813849, 0.005653396821786718, 0.004872287354005028, 0.004327309100896806, 0.003806510254658262, 0.00328266550255816, 0.00302665944953083, 0.002670291375236746, 0.002552502599830895, 0.002308217658341263, 0.002192319944201868, 0.00212789863189341, 0.001571173662129528, 0.00144857858946291, 0.001578987584445659, 0.001492382833249753, 0.001446010481192042, 0.001212285596928848, 0.0008741672658216771, 0.001051549885936362, 0.0009731991093065864, 0.0007643217224933606, 0.0007413716479317352, 0.0008503226278391359 ]
    },
    "0Pi" : {
        "First Moment" : 2.67,
        "Second Moment" : 0,
        "Zeroth Moment" : 0,
        "beta" : 10,
        "imag" : [ -1.275433475511331, -0.9770557640104044, -0.8033023128453269, -0.6869610998940531, -0.6020761213852657, -0.5363228168277648, -0.4834798271766364, -0.4398678795148536, -0.4029269677008364, -0.3719117679749037, -0.3450244906642332, -0.3213221978107459, -0.3005510547869576, -0.2823854727005337, -0.2659386624491081, -0.2510950401287232, -0.2380108689878548, -0.2262290552114063, -0.2151380718326784, -0.2053581273868473, -0.1964709509912412, -0.1879980135605235, -0.1802317729384901, -0.1733772213773905, -0.1667967043415138, -0.1609303561810105, -0.1552170105022033, -0.1499215524597232, -0.1449094441283807, -0.1402554580806344, -0.1356535252238511, -0.1316937628548474 ],
        "real" : [ -0.5787320003620914, -0.3940572171692934, -0.2791725820280294, -0.2064007362278238, -0.1578115668613748, -0.1247775376534824, -0.1003636222444019, -0.08260959323358572, -0.06846921304238419, -0.05790748466387049, -0.05001439795566298, -0.04286179019272773, -0.03739375356003002, -0.03293067327785976, -0.02900279141908639, -0.02594004638417881, -0.02334130670209417, -0.02103562476220821, -0.0189322517690467, -0.0171190060274771, -0.01578348736585374, -0.01420673703303561, -0.01320075088877612, -0.01206695391145076, -0.01142108708901995, -0.0106320308712241, -0.009986037100510927, -0.009147594924054611, -0.008393464972810998, -0.007944182986888747, -0.007505527586619013, -0.006833432408207037 ]
    },
    "PiPi" : {
        "First Moment" : 2.59,
        "Second Moment" : 0,
        "Zeroth Moment" : 0,
        "beta" : 10,
        "imag" : [ -1.170787008424423, -0.9097216906784249, -0.7545127050670215, -0.6492772929184507, -0.5718203301254636, -0.5112103269783215, -0.4621941985089131, -0.421429238923415, -0.3867758976628439, -0.3575711852921516, -0.3320999241084663, -0.3096341403189586, -0.2898367171170591, -0.2724917568495893, -0.2567955961271543, -0.2425968133744046, -0.2300055003359156, -0.218711042826783, -0.2079543098884201, -0.1985733809304571, -0.1900427943532723, -0.1819501064571243, -0.1744457342946596, -0.1678499239692295, -0.1614576167559769, -0.1558748588777498, -0.1502617104534427, -0.1451818563524785, -0.1403773354584966, -0.1358943888160122, -0.131440382732451, -0.1275966714802386 ],
        "real" : [ -0.6189268844226161, -0.4285013202499051, -0.308193980584467, -0.230664515091289, -0.1780908028788293, -0.14186419026149, -0.114789925684261, -0.09499874567063568, -0.0790306457305779, -0.06704393478865087, -0.05805049490513851, -0.04989636303830778, -0.04360695283194214, -0.03843701703105468, -0.03395021118486916, -0.03040769203257603, -0.02740907117858708, -0.02470316071846149, -0.02225503938415703, -0.02014153725033201, -0.01852810089400973, -0.01669813495116392, -0.0155743535218507, -0.01426508024978248, -0.01349355093878982, -0.01253984327597989, -0.01173469738699852, -0.01079114787567453, -0.009904201079936793, -0.009361629731690741, -0.008838818968096879, -0.008094175609166226 ]
    }
}