{
    "Job Specifications" : {
        "InsertEraseCSQ 00Down (acc/tot per Processor)" : [ 1162178.791666667, 6014883.875 ],
        "InsertEraseCSQ 00Up (acc/tot per Processor)" : [ 1161662.5, 6015033.916666667 ],
        "InsertEraseCSQ 0PiDown (acc/tot per Processor)" : [ 1603232.5, 6014781.958333333 ],
        "InsertEraseCSQ 0PiUp (acc/tot per Processor)" : [ 1603105.541666667, 6015564.291666667 ],
        "InsertEraseCSQ Pi0Down (acc/tot per Processor)" : [ 1602718.166666667, 6014187.125 ],
        "InsertEraseCSQ Pi0Up (acc/tot per Processor)" : [ 1602842, 6015143.083333333 ],
        "InsertEraseCSQ PiPiDown (acc/tot per Processor)" : [ 1024090.958333333, 6014860.416666667 ],
        "InsertEraseCSQ PiPiUp (acc/tot per Processor)" : [ 1024608.083333333, 6014695.333333333 ],
        "Measurement Sweeps per Processor" : 39575625,
        "Number of Processors" : 24,
        "Thermalization Sweeps per Processor" : 8543525
    },
    "Measurements" : {
        "Chi_SzSz" : [ 0.803593418293943, 0.4226833672238909, 0.2515031783884953, 0.1652323634107387, 0.1162960548476582, 0.086272436314038, 0.06642857781927371, 0.05268607144387198, 0.04274180056991695, 0.03540100367252696, 0.02977040548960216, 0.02532684698942718, 0.02182717409237111, 0.0189769251851327, 0.01667854835807106, 0.01472344292289676, 0.01312231108424028, 0.01174802493357372, 0.01058955726240781, 0.009580580825618398, 0.008703916816895406, 0.007943102747032185, 0.007284700852963289, 0.006698483790887316 ],
        "Double Occupation" : [ 0.1529159818638965 ],
        "E" : [ -9.04025757572866 ],
        "N" : [ 3.814631526951048 ],
        "Sign" : [ 0.9166322915514776 ],
        "Sz" : [ 7.811496209962774e-05 ],
        "iGreen_00" : [ -0.3231058304184269, -0.2999551013483958, -0.2616625955920076, -0.2284971856682446, -0.2021954090844748, -0.1808806654527891, -0.1637275622335447, -0.1492911483796877, -0.1372828977858774, -0.1267101677561646, -0.1176718021022307, -0.1098445496344696, -0.1028410705303182, -0.09664084735832355, -0.09114853680880897, -0.08623890324757622, -0.08161475961315535, -0.07740201997760135, -0.07360889003196487, -0.07032580354045102, -0.06735581247517598, -0.06447139825519967, -0.06171120644174449, -0.05963398284840674, -0.05720013360830072, -0.0552307925027684, -0.05328527617502611, -0.05133983060812309, -0.04988340015032654, -0.04813383624130154, -0.04654508401151407, -0.04522507875934154 ],
        "iGreen_0Pi" : [ -0.5058267739565698, -0.391120272018988, -0.3122179260456214, -0.260009894019751, -0.2228239554150625, -0.1953887754317622, -0.1742811150507905, -0.1572078680152652, -0.1432952708672922, -0.1314020072950098, -0.1212636524740168, -0.1126936574874646, -0.1052367705257553, -0.09857806688507324, -0.0925002601023097, -0.08737521379851905, -0.08275979980026503, -0.07853852134344441, -0.07471727086956217, -0.07103931686005163, -0.06802789332425681, -0.06517137068163575, -0.06235698731734687, -0.05978049107261792, -0.05757201881415128, -0.05544773901096699, -0.0535633812258051, -0.05170216782566029, -0.04977446863874545, -0.04826519097787511, -0.04669056030367816, -0.04536827875685272 ],
        "iGreen_PiPi" : [ -0.1898106908273515, -0.1892139332142141, -0.1831164724453738, -0.1737641199541292, -0.1632124148202895, -0.1526395649296542, -0.142615249598105, -0.1331267548715616, -0.1247027069832296, -0.1168503143110125, -0.1097086057452505, -0.1033778341685104, -0.09751214107597916, -0.09213402154804556, -0.08743221802807223, -0.08289775623117523, -0.07901674697002957, -0.07546832945856158, -0.0719857114418149, -0.06869313556267706, -0.06577224619405254, -0.06313897096398698, -0.06070279654174589, -0.05838082251088644, -0.05631016979829629, -0.05428672763519114, -0.05257589815232276, -0.05080357842703177, -0.04918005133384724, -0.04768916344551954, -0.04617091367873415, -0.04487267799920907 ],
        "k" : [ 29.9607964708917 ],
        "n00" : [ 0.7522970364090327 ],
        "n0Pi" : [ 0.5112796378717529 ],
        "nPiPi" : [ 0.1323754075176899 ],
        "rGreen_00" : [ 0.3523638106415776, 0.2214970556712894, 0.1493410007379059, 0.1076825687062549, 0.08177524802702139, 0.06412937261756363, 0.05168357562074311, 0.04250873984113364, 0.03551722024837636, 0.03024853167022548, 0.02581129450226346, 0.02224949399532614, 0.01923024646032744, 0.01711789474178062, 0.01505458925124246, 0.01324549955477815, 0.0117405137658841, 0.01076488792182024, 0.009629388286621705, 0.008766984863211221, 0.00826467117132281, 0.007395760595468196, 0.00697812168828398, 0.006379562897907056, 0.005882849989989704, 0.005331500397299987, 0.004944165815322218, 0.00461940955586012, 0.004491165116658796, 0.004160864701574727, 0.004203063924839436, 0.003664043593067229 ],
        "rGreen_0Pi" : [ 0.1065239243230157, 0.04369781614907239, 0.02256902839515278, 0.01422144030524664, 0.01000686792963439, 0.007824777412639735, 0.006335860742148929, 0.005032709802214244, 0.004275972411305895, 0.003506989854609218, 0.003144493554260662, 0.00277019310670047, 0.002396273156291515, 0.002153907432051946, 0.001882314337665978, 0.001768860429391128, 0.0013808477127704, 0.001360958551192077, 0.001320209357628332, 0.001171159759256161, 0.0009902278238341122, 0.0009198929911281041, 0.0009012672181669395, 0.0007969591040215701, 0.0005951739248610755, 0.0008711865428918675, 0.0008472136510649978, 0.000654607713667865, 0.0006171029347537852, 0.0003733731581232954, 0.0002353427683789074, 0.0004701533649914778 ],
        "rGreen_PiPi" : [ -0.2615965597607091, -0.2018801507586948, -0.1571634541611818, -0.1243205944028483, -0.1001458933646771, -0.08192562452127072, -0.06787829010093231, -0.05705860455513001, -0.04837345542715366, -0.04150257696590821, -0.03585840623752837, -0.03126933315382969, -0.02737707402223729, -0.02421776080075661, -0.02160026962384848, -0.01927560240295492, -0.01747038733227286, -0.01561813087309939, -0.01410696200598308, -0.01281304985598567, -0.01185283769143111, -0.01084821761488512, -0.01009939081286086, -0.009361613105816657, -0.008645699000411809, -0.007979652159280854, -0.007481264894759687, -0.007084775932109436, -0.006386919678065526, -0.006034828402647185, -0.005583915300631752, -0.005202912981283395 ]
    },
    "Parameters" : {
        "ATOMIC" : "Atomic.json",
        "CLEAN_EVERY_SWEEP" : 5000,
        "EGreen" : 20,
        "EHyb" : 15,
        "EObs" : 15,
        "HYB" : "Hyb2.json",
        "LINK" : "Link.json",
        "MEASUREMENT_TIME" : 50,
        "OBS" : "Obs.json",
        "PROB" : 0.5,
        "S" : 1,
        "SAMPLE_EVERY_SWEEP" : 50,
        "SEED" : 57046,
        "STORE_EVERY_SAMPLE" : 100,
        "THERMALIZATION_TIME" : 10,
        "U" : 5,
        "UPD" : "Updates.json",
        "beta" : 10,
        "mu" : 2.5,
        "tp" : -0.3,
        "tpp" : 0.2,
        "weightI" : 0,
        "weightR" : 0.1
    }
}