{
    "Job Specifications" : {
        "InsertEraseCSQ 00Down (acc/tot per Processor)" : [ 1198626.625, 6130092.666666667 ],
        "InsertEraseCSQ 00Up (acc/tot per Processor)" : [ 1197845.083333333, 6129289.916666667 ],
        "InsertEraseCSQ 0PiDown (acc/tot per Processor)" : [ 1632499.375, 6130112.458333333 ],
        "InsertEraseCSQ 0PiUp (acc/tot per Processor)" : [ 1631501.625, 6130472.958333333 ],
        "InsertEraseCSQ Pi0Down (acc/tot per Processor)" : [ 1631875.458333333, 6129806.875 ],
        "InsertEraseCSQ Pi0Up (acc/tot per Processor)" : [ 1631878.833333333, 6130796.375 ],
        "InsertEraseCSQ PiPiDown (acc/tot per Processor)" : [ 1048081.708333333, 6130406.5 ],
        "InsertEraseCSQ PiPiUp (acc/tot per Processor)" : [ 1048029.166666667, 6129391 ],
        "Measurement Sweeps per Processor" : 40361666.66666666,
        "Number of Processors" : 24,
        "Thermalization Sweeps per Processor" : 8678702.083333334
    },
    "Measurements" : {
        "Chi_SzSz" : [ 0.7315298360288862, 0.4173292771966391, 0.256160056683741, 0.1707952207837412, 0.121072722810466, 0.09020783611914771, 0.06956153343516636, 0.05522866242511105, 0.04483264004423976, 0.03708052031297843, 0.03114780571574207, 0.02655824000219929, 0.02283988388268056, 0.01986385846293598, 0.01742937089436991, 0.01542600615306245, 0.01371006436594716, 0.01229242861364748, 0.01106565429651559, 0.01003685146456362, 0.009105023993733721, 0.008315861752296459, 0.007618029086274713, 0.007018460534870805 ],
        "Double Occupation" : [ 0.1617084847790726 ],
        "E" : [ -9.089782762659127 ],
        "N" : [ 3.886763314494179 ],
        "Sign" : [ 0.9258923483502945 ],
        "Sz" : [ -2.722379313942282e-06 ],
        "iGreen_00" : [ -0.3121636691829614, -0.2980393956469654, -0.2634506507893214, -0.2315523333271637, -0.2049961072405977, -0.1835840717362198, -0.1659947424512982, -0.1512115118536155, -0.1389582723403797, -0.1282878718946335, -0.1189435193376148, -0.1110408514665525, -0.1039605641265003, -0.09775652214500355, -0.09180157868209428, -0.08697857486067363, -0.08237634409470718, -0.07827636524326097, -0.07442268945120305, -0.07129197303386961, -0.06822161326831598, -0.06530601754996695, -0.06260324200411312, -0.06010567884624092, -0.05782319147550347, -0.05572997162251637, -0.05362964866618186, -0.05187818775903186, -0.0500982238872468, -0.04858815066824724, -0.04704410743381407, -0.04539671405212814 ],
        "iGreen_0Pi" : [ -0.4808766372715951, -0.3898752450579918, -0.3151165496023514, -0.262912996480079, -0.2256275773211459, -0.1979105862652436, -0.1761165018065041, -0.1587633657878245, -0.1445133115679008, -0.1326142952322783, -0.1225227849178911, -0.1137766229783279, -0.1062751282238776, -0.09943890414275736, -0.0934799136635255, -0.08817460207958039, -0.08356613741747441, -0.07935945726583479, -0.07541422825710892, -0.07166937420883908, -0.06865897154087486, -0.06561805403267577, -0.06296418287059896, -0.06042256306710284, -0.05812121023507401, -0.0560695545154223, -0.05412366343041392, -0.05219218356755279, -0.05035571432168257, -0.04859220131227203, -0.047092844676817, -0.0457371504867921 ],
        "iGreen_PiPi" : [ -0.2092847451500739, -0.1992379799456459, -0.1886635791948461, -0.1773540055142058, -0.1658459201895964, -0.154721863027601, -0.1443648821950734, -0.1348269250763444, -0.1261685103993551, -0.1180648202807259, -0.1108463569421912, -0.1042898134947034, -0.09835960746175927, -0.09304484725446416, -0.08828802416566062, -0.08385474988541525, -0.07970262678198901, -0.07599163479804266, -0.07246481485131395, -0.06930140072373447, -0.06641710064112812, -0.06377048382524951, -0.06125805216444338, -0.05883929781255799, -0.05678572599100381, -0.05484762320454117, -0.05285102462341738, -0.05112146059930892, -0.04958313029439736, -0.04796316290767358, -0.04662216071212577, -0.0451380498886289 ],
        "k" : [ 31.23555900813478 ],
        "n00" : [ 0.7567784600046841 ],
        "n0Pi" : [ 0.5281255472853194 ],
        "nPiPi" : [ 0.1300181615141582 ],
        "rGreen_00" : [ 0.3480364591981556, 0.2231452590741633, 0.1507909389710058, 0.1086388499472879, 0.08207813506870075, 0.06439667366923142, 0.05178615514903066, 0.0426524727097333, 0.0353580144812226, 0.02982775890477122, 0.02552429966939208, 0.02212875939964803, 0.01918137384439572, 0.01702262301850618, 0.0150026200330717, 0.01344476496211792, 0.01189461803306532, 0.01081682939571161, 0.009694505192296962, 0.008968201761672878, 0.008020927193424716, 0.007351945985024456, 0.006488973499835731, 0.006042012999597539, 0.005537430846448092, 0.005211378751706208, 0.004796493626809181, 0.004717293481476856, 0.004395991099216808, 0.003983043372704611, 0.003522985804579631, 0.003502964951276426 ],
        "rGreen_0Pi" : [ 0.1453371585814403, 0.06057379796937762, 0.02894537856333403, 0.01662093411692016, 0.01104556578231807, 0.008075828449156598, 0.006070031055888065, 0.005091236028371172, 0.004087927037470527, 0.003504162959851247, 0.002884390811706259, 0.002628993475714798, 0.002173482725978364, 0.001884237691681654, 0.001684713596416303, 0.001430293822735335, 0.001348127536035489, 0.001252740527948927, 0.001190314936931273, 0.0009507158183088022, 0.0007615101200534154, 0.000545782163137391, 0.0006596723776637394, 0.0006528976571856238, 0.0007048259592661536, 0.0005526074178280127, 0.0004583937715564845, 0.0004101784232345378, 0.0004035243951991385, 0.0003936419634950665, 0.0004590449484368081, 0.0004832815000033791 ],
        "rGreen_PiPi" : [ -0.2712191796910233, -0.2067850106179302, -0.1601999463578769, -0.1265843596450268, -0.1019612221090689, -0.08335585920748417, -0.06909646989824685, -0.05802973224210077, -0.04907356454871525, -0.04204817097696757, -0.03634992006176482, -0.03164434514816424, -0.02789358597907117, -0.02466987604657186, -0.02206489054298011, -0.01957412570152525, -0.01746485923841378, -0.01583267544613846, -0.0145238759486356, -0.01314562601725285, -0.01193106679042545, -0.01109592597198203, -0.01022258028543175, -0.009550944445504403, -0.008752647644823692, -0.008228140914597452, -0.007532720981743155, -0.007089296185603397, -0.006636623963509732, -0.006161301810640025, -0.005767057387409667, -0.005435310348243192 ]
    },
    "Parameters" : {
        "ATOMIC" : "Atomic.json",
        "CLEAN_EVERY_SWEEP" : 5000,
        "EGreen" : 20,
        "EHyb" : 15,
        "EObs" : 15,
        "HYB" : "Hyb4.json",
        "LINK" : "Link.json",
        "MEASUREMENT_TIME" : 50,
        "OBS" : "Obs.json",
        "PROB" : 0.5,
        "S" : 1,
        "SAMPLE_EVERY_SWEEP" : 50,
        "SEED" : 57094,
        "STORE_EVERY_SAMPLE" : 100,
        "THERMALIZATION_TIME" : 10,
        "U" : 5,
        "UPD" : "Updates.json",
        "beta" : 10,
        "mu" : 2.5,
        "tp" : -0.3,
        "tpp" : 0.2,
        "weightI" : 0,
        "weightR" : 0.1
    }
}