{
    "Job Specifications" : {
        "InsertEraseCSQ 00Down (acc/tot per Processor)" : [ 1216351.458333333, 6214217.625 ],
        "InsertEraseCSQ 00Up (acc/tot per Processor)" : [ 1216110.583333333, 6214220.5 ],
        "InsertEraseCSQ 0PiDown (acc/tot per Processor)" : [ 1654317.708333333, 6213955.625 ],
        "InsertEraseCSQ 0PiUp (acc/tot per Processor)" : [ 1653995.833333333, 6214108.75 ],
        "InsertEraseCSQ Pi0Down (acc/tot per Processor)" : [ 1652966.041666667, 6214193.041666667 ],
        "InsertEraseCSQ Pi0Up (acc/tot per Processor)" : [ 1653323.375, 6213658.5 ],
        "InsertEraseCSQ PiPiDown (acc/tot per Processor)" : [ 1062071.875, 6213809 ],
        "InsertEraseCSQ PiPiUp (acc/tot per Processor)" : [ 1062386.708333333, 6213886.958333333 ],
        "Measurement Sweeps per Processor" : 40927083.33333334,
        "Number of Processors" : 24,
        "Thermalization Sweeps per Processor" : 8784966.666666666
    },
    "Measurements" : {
        "Chi_SzSz" : [ 0.7297257651521158, 0.4175042270239897, 0.2562246057696584, 0.1709383056385555, 0.1212841972702548, 0.09020201894377781, 0.06950580513134667, 0.05525719861600328, 0.04486521612647861, 0.03706156832829571, 0.03117961481038663, 0.02651547624375111, 0.02287650613142516, 0.01990729144601254, 0.01745002255593955, 0.01541858090780545, 0.01373823242662577, 0.01230427226990911, 0.01107365515324196, 0.01003097096559128, 0.009106769148293727, 0.008332861406268405, 0.007619852664379005, 0.006999128176925592 ],
        "Double Occupation" : [ 0.1622459337638807 ],
        "E" : [ -9.088790994748114 ],
        "N" : [ 3.889404017967696 ],
        "Sign" : [ 0.9261643166199667 ],
        "Sz" : [ 3.499804215869057e-05 ],
        "iGreen_00" : [ -0.3119118054007883, -0.2979324215473913, -0.2636764287373356, -0.23152353201971, -0.2050826362683438, -0.1837797040939118, -0.1662122178386515, -0.1514371901798847, -0.1388416222739252, -0.1282357437923053, -0.1189397691902169, -0.1106856817009488, -0.1036768738859084, -0.09752205255841484, -0.09179292833804946, -0.08658080953465182, -0.08223689366034076, -0.07812064219084429, -0.07469818723689196, -0.07114823345615712, -0.06809225331177429, -0.06493481022171074, -0.06239397934362775, -0.06003961557366435, -0.05786310552725105, -0.05554278379453316, -0.05407753685236796, -0.05194758044748404, -0.05015056939316622, -0.04844109587436329, -0.04689623095401105, -0.04559383889432721 ],
        "iGreen_0Pi" : [ -0.4801028641543321, -0.3896127115548503, -0.3150377758094446, -0.2628094422628655, -0.2255917859982083, -0.1978654220760243, -0.1762918184493019, -0.1589242666941777, -0.1445389561029709, -0.1328000552146532, -0.1226519947555268, -0.1137769242148297, -0.1061307516504775, -0.09949822708741236, -0.09353130156388618, -0.08814121951495936, -0.08344089497287502, -0.07920078917927559, -0.07517825391577085, -0.07165841983334506, -0.06855221790987841, -0.06552861501572504, -0.06289783499207773, -0.06048030829294515, -0.05812509592063676, -0.05611027004449065, -0.0540980251852794, -0.05211371560703765, -0.05044533466210446, -0.04876295050663617, -0.04715780713205436, -0.04575418570979473 ],
        "iGreen_PiPi" : [ -0.2099253155468832, -0.199702924398553, -0.1890217141690345, -0.1774665964161034, -0.1658261447300476, -0.1546486748257179, -0.1442138374985819, -0.1347342111908439, -0.1259294514119281, -0.1179374647443431, -0.1109112027055218, -0.1043975250500462, -0.09842121426918517, -0.09312922885049797, -0.08820104017200141, -0.0837500642109875, -0.07972915185770495, -0.07609305252834354, -0.07256214088446367, -0.06954587543650563, -0.06670120079996995, -0.06401517752360594, -0.06126258313795385, -0.05897514819809057, -0.05687030532692387, -0.05502278346750072, -0.0529711843628206, -0.05149871596415981, -0.04967812088271088, -0.04821897032545714, -0.04659401856949694, -0.04529397340307068 ],
        "k" : [ 31.26079266989057 ],
        "n00" : [ 0.7566825294131958 ],
        "n0Pi" : [ 0.529067388930835 ],
        "nPiPi" : [ 0.1300541673238278 ],
        "rGreen_00" : [ 0.3481585042177742, 0.2229339683076856, 0.1506601929479489, 0.1084828794337144, 0.08189711551071067, 0.0641155850347002, 0.05142938349994036, 0.04231682059767508, 0.03511914749871744, 0.02972472913439856, 0.02551143661157566, 0.02203755368972395, 0.01923404702461365, 0.01687334635011254, 0.01500886842751266, 0.01336541475300514, 0.01213406830475939, 0.01091315659772891, 0.009954972141415077, 0.009102695526754309, 0.008068513247671268, 0.007297371550211707, 0.006991907568129005, 0.006487150876310459, 0.006084448132419385, 0.005531995784711498, 0.005005938327127189, 0.004760086088815518, 0.004409346896091243, 0.004039722944822913, 0.003825684625043691, 0.003670407856911348 ],
        "rGreen_0Pi" : [ 0.1474041059309003, 0.06136707461671121, 0.0293755750691184, 0.01675343147508605, 0.01116227527529135, 0.007838926199803746, 0.006184724754817394, 0.004768034455164365, 0.004196905723348814, 0.00361487227319515, 0.002844086917766942, 0.002601295269331499, 0.002240750767991702, 0.001974915623109302, 0.001721478911599428, 0.001434985228124631, 0.001227376588456051, 0.001185217644695844, 0.001095888143582194, 0.001138562703676176, 0.0009164956210932988, 0.0009627655972970736, 0.0007536165936768462, 0.0007349094565439311, 0.000588194924421237, 0.0005604979188183246, 0.0004075550804698904, 0.0005298160087660939, 0.0005600088695153404, 0.0004629054284147082, 0.000412919920379017, 0.0004830938372720715 ],
        "rGreen_PiPi" : [ -0.2717612830671159, -0.2069224990094936, -0.1603605616725089, -0.1266491942138853, -0.1018027317891477, -0.08330831823526724, -0.06913725877488212, -0.05803496185311521, -0.04923662229502312, -0.04233458971796908, -0.03674718569647009, -0.03190830389159222, -0.02802262141709843, -0.02482441386320958, -0.02193546546127574, -0.01957560545130994, -0.01767400202537246, -0.01608793165865255, -0.01458511972064768, -0.01341072685152758, -0.01213322100730932, -0.01107867949320878, -0.01022255049320879, -0.009364956912297946, -0.008826452596395329, -0.008220958147207339, -0.00753386728218601, -0.007117766022786228, -0.006635609722151298, -0.006134733861702884, -0.005810770600863396, -0.005390377107093614 ]
    },
    "Parameters" : {
        "ATOMIC" : "Atomic.json",
        "CLEAN_EVERY_SWEEP" : 5000,
        "EGreen" : 20,
        "EHyb" : 15,
        "EObs" : 15,
        "HYB" : "Hyb6.json",
        "LINK" : "Link.json",
        "MEASUREMENT_TIME" : 50,
        "OBS" : "Obs.json",
        "PROB" : 0.5,
        "S" : 1,
        "SAMPLE_EVERY_SWEEP" : 50,
        "SEED" : 57142,
        "STORE_EVERY_SAMPLE" : 100,
        "THERMALIZATION_TIME" : 10,
        "U" : 5,
        "UPD" : "Updates.json",
        "beta" : 10,
        "mu" : 2.5,
        "tp" : -0.3,
        "tpp" : 0.2,
        "weightI" : 0,
        "weightR" : 0.1
    }
}