{
    "Job Specifications" : {
        "InsertEraseCSQ 00Down (acc/tot per Processor)" : [ 1016955.958333333, 5438173.833333333 ],
        "InsertEraseCSQ 00Up (acc/tot per Processor)" : [ 1017457.083333333, 5438191.458333333 ],
        "InsertEraseCSQ 0PiDown (acc/tot per Processor)" : [ 1383415.583333333, 5437793.541666667 ],
        "InsertEraseCSQ 0PiUp (acc/tot per Processor)" : [ 1383340.583333333, 5439154.708333333 ],
        "InsertEraseCSQ Pi0Down (acc/tot per Processor)" : [ 1382872.791666667, 5437661.75 ],
        "InsertEraseCSQ Pi0Up (acc/tot per Processor)" : [ 1383066.291666667, 5438371.916666667 ],
        "InsertEraseCSQ PiPiDown (acc/tot per Processor)" : [ 921640.125, 5437086.75 ],
        "InsertEraseCSQ PiPiUp (acc/tot per Processor)" : [ 922040.3333333334, 5438618.125 ],
        "Measurement Sweeps per Processor" : 35811458.33333334,
        "Number of Processors" : 24,
        "Thermalization Sweeps per Processor" : 7693593.75
    },
    "Measurements" : {
        "Chi_SzSz" : [ 1.083493402452953, 0.3947148892898051, 0.2122003114286627, 0.1343784463321166, 0.09335793517994907, 0.06883609967771363, 0.05281034170599309, 0.04170412657705305, 0.03388290046852613, 0.02799788070094217, 0.02351297705429468, 0.02002253297834798, 0.0172070441206995, 0.01496636921034435, 0.01312309213685279, 0.01161822994920197, 0.01031141703049381, 0.009236772438579396, 0.008307112412072262, 0.007520928947587838, 0.00683831801925058, 0.006234221423925762, 0.005713007945759681, 0.005261893741818226 ],
        "Double Occupation" : [ 0.1188624547399949 ],
        "E" : [ -8.598162098052974 ],
        "N" : [ 3.462348724925908 ],
        "Sign" : [ 0.8561497425753893 ],
        "Sz" : [ 0.0003063042355390132 ],
        "iGreen_00" : [ -0.3656147255590697, -0.3008249972449082, -0.2485294698955576, -0.2128101596573044, -0.1865767351902411, -0.1669319689670952, -0.150682266471548, -0.1375313769519318, -0.1265221482110766, -0.1171832550837522, -0.1090951606136434, -0.101647024530407, -0.09510995854440177, -0.08952366355140066, -0.08430834010731007, -0.07951686422907187, -0.07581532392618745, -0.07201424018259968, -0.06885949276477496, -0.06572263115030894, -0.06274616589646562, -0.06008108557147539, -0.05745998536561978, -0.05538390889355583, -0.05330099374032733, -0.05152986179396075, -0.04973126089749924, -0.04780303619199656, -0.04664291418771201, -0.04493621318681457, -0.04375111961009227, -0.04198540135818464 ],
        "iGreen_0Pi" : [ -0.5484162254546048, -0.3738269251992795, -0.2918225324695378, -0.2425808615228577, -0.2085584708736248, -0.1830642752350578, -0.1632153066352913, -0.1473778800791096, -0.1341433507681553, -0.1231601204002036, -0.1139053458080771, -0.1058926930977303, -0.09851478548100842, -0.0924880287745742, -0.08675496024371077, -0.08182598059205809, -0.07749418165226352, -0.07335571953029375, -0.07006519116118101, -0.0665833905124453, -0.06382988053285706, -0.06109524663245874, -0.05835064680375079, -0.05601822071423079, -0.05364936780867526, -0.0516884488322549, -0.04984657966717036, -0.04816572813903255, -0.04648521928589476, -0.0452827122261114, -0.04391945900734849, -0.04255217096429319 ],
        "iGreen_PiPi" : [ -0.1498502011373903, -0.1619431390980113, -0.1615607091105016, -0.1564062045619568, -0.1488639188702852, -0.1407401702751836, -0.1322180284360922, -0.1242396126646715, -0.11641311102269, -0.1093448052720057, -0.1029876697245414, -0.09694687672876123, -0.09142707199144354, -0.08663035421136069, -0.08185313535286182, -0.07790925967165729, -0.0739653843379834, -0.07048120672817439, -0.06732224779931098, -0.06438398792678189, -0.06186689294033701, -0.05909094590533726, -0.0570123025866706, -0.05468625859465295, -0.05276434434443453, -0.05086330296777323, -0.0491214567157166, -0.04757417206394035, -0.04595962722861791, -0.04454173976412175, -0.04312023005188961, -0.0417527945271151 ],
        "k" : [ 23.26353785741295 ],
        "n00" : [ 0.7113501304863424 ],
        "n0Pi" : [ 0.4415398866753053 ],
        "nPiPi" : [ 0.1370584150104611 ],
        "rGreen_00" : [ 0.3813348422311565, 0.2027880081666147, 0.1324252476998134, 0.09618984024917594, 0.07373901886618477, 0.05836970593403538, 0.04757066877294155, 0.03969269128257195, 0.03327010216339276, 0.02842307936632062, 0.02430369281454586, 0.02081178934501667, 0.01810012300184435, 0.0162289378734217, 0.01421476865720722, 0.01295975991774009, 0.01166949026286285, 0.01028112138480087, 0.009600472389116268, 0.008659493404479855, 0.007617603647118088, 0.007091081256021538, 0.006345716230733757, 0.005819280662357792, 0.005642525035310713, 0.005385382160360944, 0.004666102525036265, 0.00444498175856587, 0.004138331651794605, 0.003917425132539654, 0.003128830805752966, 0.003268603855804469 ],
        "rGreen_0Pi" : [ -0.01477605260668541, -0.001568490278873058, 0.002962712247506608, 0.00472052440428137, 0.005228107414603624, 0.004983059405806988, 0.004719791946101195, 0.004394359067297774, 0.003794025551227306, 0.003648432198502623, 0.003168298001874958, 0.002786341753592037, 0.002463286275714296, 0.002296197208587042, 0.001964868390488618, 0.001961218402268541, 0.001573895499836569, 0.001568368566926253, 0.001097687190169805, 0.001207146799639214, 0.001046205491862039, 0.00113454809909396, 0.0009910480822519518, 0.001113533644863078, 0.0008404114334222564, 0.0007856475382288337, 0.0007470122277991696, 0.0007308911909723174, 0.0006248064267179768, 0.0004905280708333365, 0.0004826794859290075, 0.0003797409259655833 ],
        "rGreen_PiPi" : [ -0.2215315014744075, -0.1726438226809801, -0.137585691250287, -0.1113311697431889, -0.09112961380189888, -0.07531735545723101, -0.06276316636653163, -0.05294424603586217, -0.04486864953071755, -0.03867923964406873, -0.03348679664204587, -0.02884839545485678, -0.02526676490234691, -0.0223349486989907, -0.01984598986711058, -0.01756454024881047, -0.01592182309816087, -0.01454931648004143, -0.0129931540266157, -0.01197387324838076, -0.01054686488898324, -0.009960050235458968, -0.009159216425568424, -0.008412627347986533, -0.007850874388715217, -0.00727758454819723, -0.006677433055571579, -0.00620319174259099, -0.005700027777964941, -0.005429781113236387, -0.004930149248471048, -0.004713113161357997 ]
    },
    "Parameters" : {
        "ATOMIC" : "Atomic.json",
        "CLEAN_EVERY_SWEEP" : 5000,
        "EGreen" : 20,
        "EHyb" : 15,
        "EObs" : 15,
        "HYB" : "Hyb1.json",
        "LINK" : "Link.json",
        "MEASUREMENT_TIME" : 50,
        "OBS" : "Obs.json",
        "PROB" : 0.5,
        "S" : 1,
        "SAMPLE_EVERY_SWEEP" : 50,
        "SEED" : 57022,
        "STORE_EVERY_SAMPLE" : 100,
        "THERMALIZATION_TIME" : 10,
        "U" : 5,
        "UPD" : "Updates.json",
        "beta" : 10,
        "mu" : 2.5,
        "tp" : -0.3,
        "tpp" : 0.2,
        "weightI" : 0,
        "weightR" : 0.1
    }
}