{
    "Job Specifications" : {
        "InsertEraseCSQ 00Down (acc/tot per Processor)" : [ 1198030.875, 6125939.291666667 ],
        "InsertEraseCSQ 00Up (acc/tot per Processor)" : [ 1198180.958333333, 6126740.208333333 ],
        "InsertEraseCSQ 0PiDown (acc/tot per Processor)" : [ 1630471.125, 6126409.458333333 ],
        "InsertEraseCSQ 0PiUp (acc/tot per Processor)" : [ 1630130.708333333, 6125502.916666667 ],
        "InsertEraseCSQ Pi0Down (acc/tot per Processor)" : [ 1630244.041666667, 6125290.666666667 ],
        "InsertEraseCSQ Pi0Up (acc/tot per Processor)" : [ 1630773.958333333, 6126074.458333333 ],
        "InsertEraseCSQ PiPiDown (acc/tot per Processor)" : [ 1047036.875, 6125689.791666667 ],
        "InsertEraseCSQ PiPiUp (acc/tot per Processor)" : [ 1047512.666666667, 6126255.291666667 ],
        "Measurement Sweeps per Processor" : 40330208.33333334,
        "Number of Processors" : 24,
        "Thermalization Sweeps per Processor" : 8677693.75
    },
    "Measurements" : {
        "Chi_SzSz" : [ 0.729886965521745, 0.4168789692615821, 0.2562807691170607, 0.170730877755742, 0.1212092450116643, 0.09018034766929428, 0.06965912411919055, 0.05523752814897959, 0.04479812072898964, 0.03706803340054839, 0.03116211969922799, 0.02656097982690671, 0.02286790775761261, 0.01990242721018084, 0.01746892096845212, 0.01543629043851123, 0.01372733596727846, 0.01229300607716127, 0.01106539603124941, 0.01001560593262585, 0.009104044386299982, 0.008317780749969658, 0.00762353270378746, 0.007002750021785615 ],
        "Double Occupation" : [ 0.1621426278601193 ],
        "E" : [ -9.092534081330477 ],
        "N" : [ 3.88979399789524 ],
        "Sign" : [ 0.9263015212955177 ],
        "Sz" : [ -5.452743565114594e-05 ],
        "iGreen_00" : [ -0.3111661966734475, -0.2977987747811773, -0.2632633356681273, -0.2313045994443689, -0.2050936990181063, -0.183530102647522, -0.165773988844903, -0.1512266011978536, -0.139037265475536, -0.1282087156923786, -0.1191493010135589, -0.1110907966207571, -0.1040136449846878, -0.09764747122283052, -0.09204439033722961, -0.08697581723555985, -0.08240998207911295, -0.07830231484076168, -0.07448272518490327, -0.0713814126584858, -0.06803374490929527, -0.06488255731123424, -0.06248342994934904, -0.05993033015018617, -0.0577567923605669, -0.05566145679129031, -0.05350960782142246, -0.0516395063861069, -0.05022544432619338, -0.04860844812927273, -0.04706574361828362, -0.04565977322203692 ],
        "iGreen_0Pi" : [ -0.4800533869944558, -0.3896710177509504, -0.31506866995686, -0.262814835804603, -0.2257406814347231, -0.1979664544146722, -0.1762391810268814, -0.1587484591562265, -0.1444340527613615, -0.1326590379362304, -0.1225466241345057, -0.1139336457252719, -0.1063422830066765, -0.09955718910543365, -0.09367080105699309, -0.08838309995530895, -0.08346423702109168, -0.0793138695725291, -0.07546010659292106, -0.07203238706867852, -0.06852899972782564, -0.06570522447410419, -0.06295907080231293, -0.060679778748428, -0.05830697306346741, -0.05591099642197846, -0.05407924462028617, -0.05221285931257881, -0.05045744298553432, -0.04887882188476381, -0.04747660626905465, -0.04602841723172277 ],
        "iGreen_PiPi" : [ -0.2095117597233155, -0.1995085509718298, -0.1887537592888766, -0.1772236290894303, -0.16565566257312, -0.1546707055227498, -0.1441167243513304, -0.1346381715103307, -0.1257512084273018, -0.1176672900080683, -0.1106864741326627, -0.104215244817239, -0.09832038165921245, -0.09302325904147393, -0.08803041667184573, -0.08371842969051391, -0.0795242303358636, -0.07589070187392404, -0.07235314146330568, -0.06928096131727493, -0.0664586540925582, -0.06385092834251951, -0.06104843757782016, -0.05893782747752539, -0.05676968992162722, -0.05469406528506925, -0.05274757575286303, -0.05111165075226926, -0.0493645576379374, -0.04804809815009195, -0.04664059829626423, -0.04512094920401825 ],
        "k" : [ 31.25957553529458 ],
        "n00" : [ 0.7569099374773677 ],
        "n0Pi" : [ 0.529047284447137 ],
        "nPiPi" : [ 0.1300339447876077 ],
        "rGreen_00" : [ 0.3479938548043139, 0.2229280209485721, 0.1507319047755685, 0.1086891107553074, 0.08199186450091234, 0.06418662863935817, 0.05184415170646764, 0.0428304460121365, 0.03574336561082908, 0.03020112903427604, 0.02576698263266438, 0.02205299998950456, 0.01930316507469576, 0.01686724720749344, 0.01496521205027545, 0.01323312597632315, 0.01200656035834542, 0.01079966747774002, 0.009797761920613461, 0.00886864416547235, 0.008028630679264166, 0.007466078886959496, 0.006819384237670979, 0.006179989331283669, 0.005925591214005784, 0.00540417987495822, 0.005025094851382527, 0.004869245645646545, 0.004481875605189394, 0.004131042514362325, 0.00375026664804822, 0.003716118777713947 ],
        "rGreen_0Pi" : [ 0.1469057393849482, 0.06116282247289397, 0.02920478718620261, 0.01674798594377664, 0.01101261408709923, 0.007982439756361065, 0.006154684814771862, 0.005025282818004568, 0.004129252214900118, 0.003390760913967831, 0.002930976294489705, 0.002488214319675061, 0.002226212066122021, 0.001956864418703668, 0.001829734909846022, 0.001428604076083147, 0.001377081758674718, 0.001147920579465135, 0.001214137882768573, 0.001039493675265861, 0.0009191659556074944, 0.0008950470714339517, 0.0007854820798951868, 0.0007234400886611053, 0.000568448418301239, 0.0005559180105407151, 0.0006785928399472673, 0.0005272189975384359, 0.0006709234990040907, 0.000424205682210659, 0.0004201656756151973, 0.0004133736028981939 ],
        "rGreen_PiPi" : [ -0.2715003900194207, -0.2067093187550464, -0.1600926580019203, -0.1265381666109986, -0.1017773368063073, -0.08310507642080377, -0.06890826494059175, -0.05772373159575368, -0.04910915236597652, -0.04209520397762173, -0.03645699167463944, -0.03177896480953946, -0.02795917485366024, -0.02477283917043404, -0.02202088198280704, -0.01955722604252091, -0.01761369433735747, -0.01591441951344336, -0.01442072856131152, -0.01331550074104982, -0.01223388584599122, -0.01107586320455622, -0.01015742030433262, -0.009463823648902692, -0.008785936738575665, -0.008222235695338359, -0.007732143415634021, -0.007285130332790881, -0.006623711282154253, -0.00629860710997091, -0.005905647098425951, -0.005586509159733967 ]
    },
    "Parameters" : {
        "ATOMIC" : "Atomic.json",
        "CLEAN_EVERY_SWEEP" : 5000,
        "EGreen" : 20,
        "EHyb" : 15,
        "EObs" : 15,
        "HYB" : "Hyb5.json",
        "LINK" : "Link.json",
        "MEASUREMENT_TIME" : 50,
        "OBS" : "Obs.json",
        "PROB" : 0.5,
        "S" : 1,
        "SAMPLE_EVERY_SWEEP" : 50,
        "SEED" : 57118,
        "STORE_EVERY_SAMPLE" : 100,
        "THERMALIZATION_TIME" : 10,
        "U" : 5,
        "UPD" : "Updates.json",
        "beta" : 10,
        "mu" : 2.5,
        "tp" : -0.3,
        "tpp" : 0.2,
        "weightI" : 0,
        "weightR" : 0.1
    }
}