{
    "Job Specifications" : {
        "InsertEraseCSQ 00Down (acc/tot per Processor)" : [ 1207929.916666667, 6193055.291666667 ],
        "InsertEraseCSQ 00Up (acc/tot per Processor)" : [ 1207959.541666667, 6193023.916666667 ],
        "InsertEraseCSQ 0PiDown (acc/tot per Processor)" : [ 1649326.333333333, 6192997.833333333 ],
        "InsertEraseCSQ 0PiUp (acc/tot per Processor)" : [ 1649135.625, 6192001.833333333 ],
        "InsertEraseCSQ Pi0Down (acc/tot per Processor)" : [ 1649241.833333333, 6191931.875 ],
        "InsertEraseCSQ Pi0Up (acc/tot per Processor)" : [ 1649267.208333333, 6192777.75 ],
        "InsertEraseCSQ PiPiDown (acc/tot per Processor)" : [ 1058199.708333333, 6192980.208333333 ],
        "InsertEraseCSQ PiPiUp (acc/tot per Processor)" : [ 1058157.625, 6193160.458333333 ],
        "Measurement Sweeps per Processor" : 40813541.66666666,
        "Number of Processors" : 24,
        "Thermalization Sweeps per Processor" : 8728387.5
    },
    "Measurements" : {
        "Chi_SzSz" : [ 0.7443804916015296, 0.4189340677474389, 0.2556810077738733, 0.170055591742633, 0.1204892994367344, 0.08954461514410308, 0.06902020717065074, 0.05479422053569569, 0.0445217238429702, 0.03678109207033443, 0.03095687434317426, 0.0263439765004215, 0.02268747551141449, 0.01973944699665921, 0.01730889280055082, 0.01532405834267235, 0.01364886486432513, 0.01221449500313015, 0.01100300558661283, 0.009949867376694274, 0.009047715047588053, 0.008255687390774095, 0.007556459831964842, 0.006961218818302206 ],
        "Double Occupation" : [ 0.1604892600652036 ],
        "E" : [ -9.087174032773643 ],
        "N" : [ 3.876245993342309 ],
        "Sign" : [ 0.9248451034940023 ],
        "Sz" : [ -1.043217446500162e-05 ],
        "iGreen_00" : [ -0.3142012685666691, -0.2982089175549536, -0.2632052002853839, -0.2312188043865306, -0.2047873924222743, -0.1832113541947311, -0.1657118590795184, -0.1508746460222491, -0.1387499385428439, -0.1281232154176118, -0.1188149172153994, -0.1108410652858745, -0.1038673972935038, -0.09758091068263315, -0.09199264411436532, -0.08692763573263032, -0.08233472976824278, -0.07827792617468111, -0.07457421382222795, -0.07139091262689276, -0.06809666639080464, -0.06496807824902118, -0.06238285141783916, -0.0600707359918607, -0.05774632854632477, -0.05557804248634011, -0.05358226761896304, -0.05172849977088775, -0.0501358224348308, -0.04847771945848163, -0.04701517025752483, -0.04547915263171832 ],
        "iGreen_0Pi" : [ -0.4850510774143476, -0.3899264893211585, -0.3145988864918745, -0.2623229472867115, -0.2250096702023651, -0.1974185515907733, -0.1759790860763604, -0.158548800084102, -0.1444592958811433, -0.1324874937422195, -0.1224047699479809, -0.1136289109257275, -0.1059933824550557, -0.09933473038160151, -0.0932916049935421, -0.08799140266105684, -0.08339449653556881, -0.07918564288245802, -0.07523293305796983, -0.07175557220992737, -0.06855811566850306, -0.06559618026918521, -0.06273082544338733, -0.06041739457522757, -0.05805285461133367, -0.0558812455234932, -0.05388567436861246, -0.05217474232443987, -0.05024562350889079, -0.04875272479036816, -0.04708908776558195, -0.04577013960176637 ],
        "iGreen_PiPi" : [ -0.2056693073175705, -0.1974122380576833, -0.1878750935951665, -0.1768119466436479, -0.1655051774656832, -0.1544999459313729, -0.1441095250022099, -0.1346345396885461, -0.125974179157714, -0.1179398020826867, -0.1109361712117956, -0.1042569295470849, -0.098278575133188, -0.09295849821281907, -0.08803315467874244, -0.08349490598750296, -0.07951962745334237, -0.07577959743959596, -0.07241652572706006, -0.06922241202265282, -0.06639775297725869, -0.06360649278952474, -0.06118438280180384, -0.05884676525561384, -0.05672467221917998, -0.05462520148205478, -0.0527292891820163, -0.05095322207698708, -0.04947686763958128, -0.04782335476013761, -0.04639122826152601, -0.04513354827354865 ],
        "k" : [ 31.05579663612464 ],
        "n00" : [ 0.7567700947031666 ],
        "n0Pi" : [ 0.5257099668295969 ],
        "nPiPi" : [ 0.1303470251990813 ],
        "rGreen_00" : [ 0.3486732934621681, 0.2229107745585556, 0.1508268938931036, 0.1088820012206809, 0.08211060803768311, 0.06426826848843281, 0.05160857841560517, 0.04241727121393019, 0.03532517776365083, 0.02984829510372788, 0.02583829071486651, 0.02219791116018889, 0.01921524033544843, 0.01682544672266874, 0.0148586277828761, 0.01336336022361812, 0.01201891978261667, 0.01065026150022008, 0.00956712624818995, 0.008634717646863058, 0.007703842576147688, 0.007381823561167677, 0.006757907152248241, 0.00634394165520591, 0.005718996841088802, 0.005165566368876596, 0.004817496697143583, 0.004691124481454243, 0.004482508084933969, 0.004115920244524705, 0.003923468800537233, 0.003570934002924252 ],
        "rGreen_0Pi" : [ 0.1381908985962866, 0.05749586561042119, 0.02782003167968062, 0.01621676682019167, 0.01088810826893007, 0.00801372480130844, 0.006265433628849538, 0.005002027408644256, 0.0042398551289554, 0.003422888289053929, 0.002854332811169975, 0.002478220774446714, 0.002171746121262324, 0.001833942294182799, 0.001621844246041374, 0.001711962282060552, 0.001621115835876807, 0.001397781782837663, 0.00123607686226291, 0.001112941216258302, 0.001038338377094001, 0.0007628066207861658, 0.0008288477402070135, 0.0007050511604766572, 0.0005187123770260695, 0.0005504596332506244, 0.0006578629197665215, 0.0005668519579294229, 0.0004566386960205974, 0.0003939894733277226, 0.000552938290850038, 0.0003506153147154245 ],
        "rGreen_PiPi" : [ -0.2694896812418998, -0.2061377822383538, -0.1598463322020238, -0.1262132086503565, -0.1017080790295444, -0.08305721521431068, -0.06893022769683022, -0.05794747288024218, -0.04903038117333685, -0.041965458691194, -0.03639350881275059, -0.03166847693971436, -0.0276576414722868, -0.02453746738771641, -0.0217933342888325, -0.01948898173146798, -0.01754653849321405, -0.01593943124654714, -0.01437465755791524, -0.01307371768748299, -0.01199435016989851, -0.01103779430359565, -0.01011901137678391, -0.009406324837322903, -0.008851628007897943, -0.008037021526949824, -0.007552014126344127, -0.007047916948344745, -0.00673561929273567, -0.006226520550216358, -0.00585081858014535, -0.005385596458409338 ]
    },
    "Parameters" : {
        "ATOMIC" : "Atomic.json",
        "CLEAN_EVERY_SWEEP" : 5000,
        "EGreen" : 20,
        "EHyb" : 15,
        "EObs" : 15,
        "HYB" : "Hyb3.json",
        "LINK" : "Link.json",
        "MEASUREMENT_TIME" : 50,
        "OBS" : "Obs.json",
        "PROB" : 0.5,
        "S" : 1,
        "SAMPLE_EVERY_SWEEP" : 50,
        "SEED" : 57070,
        "STORE_EVERY_SAMPLE" : 100,
        "THERMALIZATION_TIME" : 10,
        "U" : 5,
        "UPD" : "Updates.json",
        "beta" : 10,
        "mu" : 2.5,
        "tp" : -0.3,
        "tpp" : 0.2,
        "weightI" : 0,
        "weightR" : 0.1
    }
}