{
    "00" : {
        "First Moment" : 0,
        "Second Moment" : 0,
        "Zeroth Moment" : 0,
        "beta" : 10,
        "imag" : [ -0.1615031770034072, -0.3817913908845831, -0.5238925338767761, -0.6083806471027677, -0.6548217182684297, -0.6708684903179303, -0.6724218900093222, -0.6619357481404728, -0.6554960262083833, -0.6335403493204108, -0.6138907583225492, -0.6057951368134793, -0.5790393779656977, -0.5483343506972087, -0.5371766592362839, -0.5399910548498728, -0.4947506836878386, -0.4809005390950549, -0.4137555293026871, -0.4170587202252189, -0.4007936080358743, -0.4501772760595681, -0.401386999952793, -0.3660313415261331, -0.3252481967332947, -0.3810689986025793, -0.2268006068603121, -0.3013650165054713, -0.321670119549033, -0.3578146828280495, -0.3637395703676596, -0.3020815734698417 ],
        "real" : [ 2.691360557211816, 2.682154084022261, 2.666361256714383, 2.646557930339839, 2.631463881846563, 2.621667579159827, 2.616944191701678, 2.606295763169298, 2.606977631615825, 2.605123465624858, 2.598084741188144, 2.593327487418928, 2.594091272343205, 2.601328757749478, 2.590237749508884, 2.58467855578915, 2.571234126563235, 2.573392500805923, 2.574413251494587, 2.559632132170702, 2.609084412305961, 2.61554589190481, 2.555888431103156, 2.551404226292605, 2.534117897784844, 2.554478782135527, 2.627019152124763, 2.578727710469741, 2.587645560831552, 2.615743915656957, 2.598956801807128, 2.574432470295514 ]
    },
    "0Pi" : {
        "First Moment" : 0,
        "Second Moment" : 0,
        "Zeroth Moment" : 0,
        "beta" : 10,
        "imag" : [ -0.1735053676632687, -0.4000163005806587, -0.5405363767111537, -0.6238469724911333, -0.665937181676048, -0.6811699283789316, -0.6797599018338776, -0.6704397224022758, -0.6588428041334469, -0.6284227124752144, -0.6049757036457297, -0.5888084954571378, -0.5679305633421858, -0.5400068299317784, -0.5221913849922117, -0.5145389085993131, -0.4920480047591322, -0.4694140155529301, -0.4777427789973832, -0.4635776309411188, -0.4311896259320491, -0.4337583864087851, -0.4054563574770444, -0.372206554881247, -0.3716407701078737, -0.3219768236018581, -0.3138329929787673, -0.3417408387468761, -0.3057455512569831, -0.3158318958938509, -0.3383305624826036, -0.3159841353985833 ],
        "real" : [ 2.836892846329981, 2.828386197398784, 2.80712584012996, 2.782387324872834, 2.755300169327339, 2.739166576003784, 2.715975655839901, 2.707095857698028, 2.682421204676986, 2.668157501057417, 2.674545312420487, 2.656896240690853, 2.653226825911765, 2.64822772598588, 2.646773082868584, 2.654976791313028, 2.659848820212528, 2.64599550390284, 2.639120106941776, 2.611957414758978, 2.635256561060912, 2.606710902781376, 2.636767108427035, 2.626219230016182, 2.650218852199193, 2.645783706594984, 2.680755373685289, 2.628580947308877, 2.604440196408917, 2.627831028190016, 2.6356500927197, 2.593379781771609 ]
    },
    "PiPi" : {
        "First Moment" : 0,
        "Second Moment" : 0,
        "Zeroth Moment" : 0,
        "beta" : 10,
        "imag" : [ -0.1639093742685298, -0.38424229712483, -0.5238690535531765, -0.6094215338312789, -0.6570725228752279, -0.6745662812551063, -0.6758404278508578, -0.6646239755719776, -0.6521712661943706, -0.6304775863446492, -0.5953501522231361, -0.5781898688550395, -0.5604916267471864, -0.5304207379285479, -0.5214843570763232, -0.5039227658606702, -0.4751055972484739, -0.4363509461445183, -0.4359231844980602, -0.3887496695937394, -0.370203881618929, -0.3562450699400443, -0.3968561748278372, -0.3845032593941493, -0.3470533843444308, -0.2874082599943257, -0.3371508038508537, -0.2233496587262138, -0.2692906093181193, -0.2302455773495495, -0.2772632981009302, -0.2424115291123172 ],
        "real" : [ 2.952976792548221, 2.945679147999153, 2.925174340171241, 2.898100820562791, 2.86851854183651, 2.841974033320943, 2.818077220406555, 2.791760868722045, 2.773255146233472, 2.764258985575432, 2.750633996571992, 2.72979865369008, 2.721985719073121, 2.713468736356307, 2.693236961313387, 2.681368459605645, 2.681535201065242, 2.687833248803144, 2.687853554211822, 2.696198723531268, 2.663461303200664, 2.647918084945105, 2.66979636554395, 2.64682895828377, 2.681597120385072, 2.67251662257169, 2.64884015679745, 2.649954106827008, 2.656306036505246, 2.614321904747249, 2.649863704683887, 2.607841731436105 ]
    }
}