{
    "00" : {
        "First Moment" : 0,
        "Second Moment" : 0,
        "Zeroth Moment" : 0,
        "beta" : 10,
        "imag" : [ -0.1631087309991464, -0.3812612986575048, -0.5240760694348858, -0.6058929248805698, -0.6529585753613345, -0.6693470886089856, -0.6701726712008496, -0.6612693376967735, -0.6439714742984135, -0.6265368559885767, -0.6112848022571606, -0.5772251213662303, -0.5561333263480392, -0.5200033464467086, -0.5336165101104609, -0.4884283360997177, -0.4826318352284744, -0.4590000988720426, -0.4645963711559986, -0.3942885927999029, -0.3740488268076803, -0.3651833004206058, -0.3743805297307716, -0.3682140644369376, -0.3611245785682122, -0.3399119797264589, -0.3731122276717365, -0.3218383309131845, -0.3360362407647344, -0.299268060836539, -0.3167722931986248, -0.3945565610953636 ],
        "real" : [ 2.687111840417212, 2.678547982129444, 2.661108054574767, 2.643736820237369, 2.626520979929024, 2.61248281301226, 2.604123646700701, 2.591505588301776, 2.600488444596491, 2.601899965537016, 2.597515691353448, 2.597101681220691, 2.606963562390397, 2.595908684392504, 2.591684709231608, 2.59004437462399, 2.607550650998759, 2.593914561083566, 2.604584918798593, 2.590122503207672, 2.624814107491406, 2.622412471125599, 2.681868876492186, 2.66561734097623, 2.679476718167543, 2.659044168402775, 2.667292120719874, 2.589430862567025, 2.589638020759775, 2.647462398716047, 2.733353263574644, 2.634836999029005 ]
    },
    "0Pi" : {
        "First Moment" : 0,
        "Second Moment" : 0,
        "Zeroth Moment" : 0,
        "beta" : 10,
        "imag" : [ -0.174373358856736, -0.3999178936275354, -0.5400043121777145, -0.6216829602296703, -0.6648106088668126, -0.6787083387170529, -0.6834852813823415, -0.6738559267432898, -0.657722283773424, -0.6360502018109964, -0.6102697190140516, -0.586409780415817, -0.5539791591503747, -0.5431948075255075, -0.5251486495048638, -0.5079385971730606, -0.4714852852209113, -0.4423264939643055, -0.4351369549517159, -0.4589969401598069, -0.4067224421876769, -0.4125300552815627, -0.3861525554077598, -0.3830250282300636, -0.3675528532768801, -0.3291020972295833, -0.3005244552734858, -0.3105193789514118, -0.3341933227181499, -0.377637072925868, -0.3598948680789213, -0.3178038797290768 ],
        "real" : [ 2.834936634971772, 2.826221845930573, 2.806596079176729, 2.78120502875521, 2.755245627927826, 2.73202460409779, 2.717934974608395, 2.694591192878671, 2.686653180634393, 2.673112949211004, 2.6714883494344, 2.65460743278412, 2.658881916826088, 2.656327470543503, 2.650474131613369, 2.655001775769946, 2.643920459814749, 2.636422318832225, 2.624830842799971, 2.64555395151089, 2.665931913299298, 2.697034292517754, 2.658948116900817, 2.646564132504841, 2.618435343331302, 2.647731204566139, 2.664694000798244, 2.669567716136502, 2.661233608573955, 2.65371846833774, 2.615647250883653, 2.59311678271245 ]
    },
    "PiPi" : {
        "First Moment" : 0,
        "Second Moment" : 0,
        "Zeroth Moment" : 0,
        "beta" : 10,
        "imag" : [ -0.1649339958473355, -0.3849045403819451, -0.5262617266051208, -0.610110654227634, -0.6526155831910523, -0.6711316354466965, -0.6717776511972513, -0.6602173426103599, -0.6462022357349486, -0.6329285941492673, -0.612373169028821, -0.5942752701305496, -0.5687984404197231, -0.5427131339388236, -0.5035247721287064, -0.4896721477800874, -0.4872096083093957, -0.4629170789036952, -0.4515615815626166, -0.4454428214762398, -0.4341609569964149, -0.4016951476137365, -0.3936120826567375, -0.3987237263425261, -0.3714839677541963, -0.3321200641457906, -0.369756487773703, -0.346099266906073, -0.2977948587139707, -0.3197699465796475, -0.2652152826162428, -0.2996415881022259 ],
        "real" : [ 2.949477017705686, 2.94363220172586, 2.925132683514445, 2.896160995497949, 2.866990978396862, 2.838594989142747, 2.811039578326291, 2.787613986734812, 2.757704886572391, 2.745336487446381, 2.730684017781621, 2.716409842726675, 2.714038008476774, 2.703371229297002, 2.700731343658375, 2.673940695470295, 2.655508734062454, 2.657043773418869, 2.683776573931201, 2.666104212464217, 2.64411156966133, 2.668999391847217, 2.669263344495006, 2.703024553036997, 2.668445923339927, 2.689024387769849, 2.658443472842298, 2.674841486560267, 2.665545027360133, 2.649056809655761, 2.628169809476919, 2.64297702852914 ]
    }
}