{
    "00" : {
        "First Moment" : 0,
        "Second Moment" : 0,
        "Zeroth Moment" : 0,
        "beta" : 10,
        "imag" : [ -0.1654203880558596, -0.3865133824434595, -0.5267839307756881, -0.6061700484231962, -0.6532251668817111, -0.674769317857244, -0.6754809644082007, -0.6705299756170717, -0.6460193187625904, -0.6262642454578318, -0.6019995260333202, -0.5793434624872411, -0.5524870101149411, -0.5312039905398418, -0.5078644415292946, -0.485154724750668, -0.4706494555014604, -0.4523268301434555, -0.4321225180826822, -0.3775131318847027, -0.3969191377226462, -0.4184737345528067, -0.3949935903748365, -0.3438502480519823, -0.3541494887599157, -0.3676267535008719, -0.3670073431392922, -0.3535845456619846, -0.2958644886545123, -0.3115409577322339, -0.2802308670368987, -0.3304030367955342 ],
        "real" : [ 2.675333666151187, 2.666134564651131, 2.649016621796902, 2.631252168922904, 2.618461178406542, 2.605904619292713, 2.601355287040411, 2.591074310386947, 2.59645850274592, 2.596365161439501, 2.576429606145784, 2.587291722951277, 2.602178697653796, 2.608196177304349, 2.613365528403351, 2.598680755860388, 2.591625401631839, 2.618858249064552, 2.63223390672859, 2.653420622839339, 2.680645138451456, 2.601238115260739, 2.610599803238993, 2.590254440168651, 2.627715846114883, 2.66517489432448, 2.659295994767585, 2.590657051070302, 2.562489567127668, 2.590759580738418, 2.568523114181768, 2.612092297066566 ]
    },
    "0Pi" : {
        "First Moment" : 0,
        "Second Moment" : 0,
        "Zeroth Moment" : 0,
        "beta" : 10,
        "imag" : [ -0.1783406941014816, -0.4070635422004862, -0.5471517649363729, -0.6287264087679141, -0.673665703396559, -0.6870030230100515, -0.6826318055205425, -0.676385223737487, -0.6533913212291251, -0.6357807117886223, -0.6100473024855546, -0.5887338593033524, -0.5675865726401241, -0.5429556426548316, -0.5345084302018712, -0.5168708419633017, -0.4807054895496083, -0.454196614297425, -0.4506726587456757, -0.4286393265849249, -0.4101720920383674, -0.400398754572393, -0.4232898664161731, -0.3671636406509702, -0.3696108050361726, -0.3661093097381638, -0.3551479896716287, -0.2954927250932222, -0.3534834996706486, -0.2935395094388653, -0.3384733309234811, -0.2815345851966775 ],
        "real" : [ 2.825733118378296, 2.816657210172011, 2.797194751995612, 2.772575986670205, 2.747759554618981, 2.725674349647096, 2.706468070387306, 2.693365658386443, 2.676804192365926, 2.674595791772889, 2.670707651544304, 2.663049516394268, 2.656647512957808, 2.659143677322355, 2.655272279932667, 2.619963729129812, 2.606891058709001, 2.613711846765463, 2.615887485258628, 2.616294866721788, 2.610659914665452, 2.649740741671934, 2.617773803523556, 2.633019943107316, 2.668655249465246, 2.646691976652318, 2.599528664019771, 2.616134369478297, 2.640601905730338, 2.654465716040536, 2.576703612236076, 2.651757304843488 ]
    },
    "PiPi" : {
        "First Moment" : 0,
        "Second Moment" : 0,
        "Zeroth Moment" : 0,
        "beta" : 10,
        "imag" : [ -0.1679782711123359, -0.3896483576180201, -0.5314048762281653, -0.6169912203977659, -0.657933121894791, -0.6778784140458551, -0.6769905875516331, -0.662371917643549, -0.648149191425591, -0.634220730795537, -0.5978367446882276, -0.5863980702008353, -0.5760988400200713, -0.5464012810726988, -0.5320657411895766, -0.5230039977597105, -0.4931882236848715, -0.473089758977931, -0.4548812131152609, -0.4498538982041183, -0.4182969472521769, -0.4242334133982837, -0.4017280583421083, -0.3917891843539145, -0.3615788188534275, -0.3945798169059138, -0.3863968662821193, -0.3864133534481269, -0.3054454675181333, -0.3454311095531999, -0.3287039043789477, -0.284101398131348 ],
        "real" : [ 2.943340178294967, 2.937231681711027, 2.916135246294964, 2.88919806239495, 2.860486807515771, 2.830140225603916, 2.806753833101764, 2.784734235723846, 2.757225594037239, 2.741218098086349, 2.724412779770834, 2.714772527970952, 2.695764202634018, 2.691848534682665, 2.683262402388082, 2.680802488071249, 2.673680512356853, 2.681877026451025, 2.660177415873812, 2.65566218213107, 2.654463972998512, 2.665708773503011, 2.648332962529528, 2.663405157230985, 2.696798543068545, 2.649811608283116, 2.672310244831347, 2.673850529768544, 2.707868009153348, 2.685178325573368, 2.683713192730928, 2.618659974353873 ]
    }
}