{
    "00" : {
        "First Moment" : 0,
        "Second Moment" : 0,
        "Zeroth Moment" : 0,
        "beta" : 10,
        "imag" : [ -0.1623821625442075, -0.3823592651584757, -0.5256840997035686, -0.6083851638047002, -0.6540450774685409, -0.6750466638208374, -0.676780665714789, -0.6594707604223693, -0.6352858041673395, -0.6244705245050657, -0.5967055292050842, -0.5794460603636526, -0.5522049637558517, -0.5385812734077469, -0.5149405066033914, -0.5009969297645505, -0.4790285192910737, -0.4611695804747633, -0.4563243627136533, -0.3890340476839231, -0.4155149341488844, -0.4546598550347376, -0.391793438613627, -0.411717218069807, -0.3650711497586467, -0.3561881089969532, -0.4051503187558652, -0.4004691963020797, -0.2930151559990932, -0.290351262276797, -0.302105844292889, -0.273467131347477 ],
        "real" : [ 2.687400252280162, 2.680367767366912, 2.661787218616297, 2.641979499551521, 2.629678763897359, 2.615883442883887, 2.598694720893985, 2.585679473686031, 2.586708365337514, 2.581809089908369, 2.58888670150795, 2.603074123553405, 2.598653673628879, 2.605473218098938, 2.602926852430882, 2.613534905776079, 2.59411024919814, 2.596665260078908, 2.589968483005594, 2.610386671862177, 2.613938274782148, 2.577405393055245, 2.600173087676477, 2.621975654580265, 2.570875201159755, 2.598550421113146, 2.5878691682224, 2.522565280761027, 2.566364138397734, 2.591416649972564, 2.641244910756535, 2.559107931927565 ]
    },
    "0Pi" : {
        "First Moment" : 0,
        "Second Moment" : 0,
        "Zeroth Moment" : 0,
        "beta" : 10,
        "imag" : [ -0.1743807377376072, -0.4000732962239244, -0.5406826853368125, -0.6237932839324931, -0.663978972044307, -0.6790833158836325, -0.6819517160463278, -0.67689198585244, -0.6640199943904692, -0.6370567374025358, -0.6121363125890449, -0.5792123023567814, -0.5519338626577799, -0.5359580823171797, -0.5085580367311735, -0.4875003477320536, -0.489597087589388, -0.4544145917418341, -0.4329127713965857, -0.3993987568205934, -0.4374663397117136, -0.3983524482046334, -0.3929110713673207, -0.3245766911963983, -0.3246059702992277, -0.382868619271548, -0.3203911130753347, -0.3105641503908707, -0.303053048684216, -0.2743259303301677, -0.2098683227419365, -0.1994122170608534 ],
        "real" : [ 2.836967870002578, 2.828599737481964, 2.808214667049633, 2.782239422276655, 2.75798356466432, 2.735773128462499, 2.716919573848408, 2.697444494489494, 2.685245243909454, 2.679413257428188, 2.66888944155638, 2.665093161625412, 2.655130422473372, 2.650080286576459, 2.636083334402603, 2.656531120943468, 2.639958459506558, 2.651727879768392, 2.621342049926113, 2.631632454314178, 2.634554923098385, 2.622851989588274, 2.629941397913171, 2.630466446942271, 2.656467523324647, 2.645999945361838, 2.59502701154938, 2.630153374825956, 2.564597454889556, 2.643607848523205, 2.634792412400582, 2.626171876997912 ]
    },
    "PiPi" : {
        "First Moment" : 0,
        "Second Moment" : 0,
        "Zeroth Moment" : 0,
        "beta" : 10,
        "imag" : [ -0.1647460386407862, -0.3865388492655031, -0.5286598697976768, -0.6130485519577045, -0.660009429156176, -0.6799014327060728, -0.6851739152192273, -0.6778077368028281, -0.6635317412693595, -0.6524446892893856, -0.6202722735054698, -0.596827740817794, -0.5723299869142373, -0.543602814117909, -0.5354445392288021, -0.5102281516329743, -0.5057630763454313, -0.4770230852100568, -0.4811327406957364, -0.4432881022770001, -0.4105733273108623, -0.392740011069872, -0.4527468747688363, -0.3884341069845352, -0.3799444704526227, -0.3839295190235497, -0.3909444642710369, -0.3384442963236332, -0.3854077479905555, -0.2821274046790698, -0.2519818171443404, -0.2998750119827882 ],
        "real" : [ 2.955793413714821, 2.94736706018389, 2.928429734726718, 2.902087344116864, 2.872105260149965, 2.838261007530641, 2.816157061360768, 2.786045362201246, 2.775107471765633, 2.76369147816606, 2.744276949900976, 2.729404661068659, 2.722281813729875, 2.714655709211566, 2.711333787764437, 2.681352080819248, 2.68627695570102, 2.676105434974386, 2.676239355819544, 2.698343969913317, 2.700227292012329, 2.660407080313534, 2.672300572740733, 2.674763658929539, 2.679453620153967, 2.702283172432203, 2.731699555875433, 2.742637005363197, 2.6834801666255, 2.694001652425568, 2.683751330822917, 2.711508125668997 ]
    }
}