{
    "00" : {
        "First Moment" : 0,
        "Second Moment" : 0,
        "Zeroth Moment" : 0,
        "beta" : 10,
        "imag" : [ -0.1766142744367858, -0.4039183531610611, -0.5437873981384378, -0.6265878444672417, -0.6656833859145688, -0.685142375178736, -0.6811463461283864, -0.6697073874998827, -0.6444347197322102, -0.6227102377760865, -0.6004059474472561, -0.5720289065698712, -0.5541004110332342, -0.522324980967058, -0.4984302418920858, -0.4748687615870271, -0.474429829745505, -0.4686617456890581, -0.4726679122424091, -0.442603553952674, -0.3928330385492362, -0.3962268379775971, -0.406573925136982, -0.3138399838593067, -0.3503209392022804, -0.3118082338184927, -0.2997100232161074, -0.3305783565007019, -0.2220491374643849, -0.2714371973046923, -0.2778120001548956, -0.2547888525550235 ],
        "real" : [ 2.62547123597703, 2.617109914042982, 2.600111647012903, 2.582854242773851, 2.569533556944442, 2.560872285121517, 2.557888009350691, 2.553837148806789, 2.557025953848375, 2.545862266344026, 2.552782934077527, 2.562118205295781, 2.577402453521502, 2.560008652273431, 2.573629263516239, 2.596207254455366, 2.609293713773991, 2.577425178075827, 2.592107613604955, 2.594302904288441, 2.550177441042759, 2.585634626449378, 2.537617528984985, 2.570523055055522, 2.565451773701575, 2.609135372948191, 2.614583732013478, 2.603584774535981, 2.556321961210069, 2.563629708295764, 2.43451563102014, 2.566759961439891 ]
    },
    "0Pi" : {
        "First Moment" : 0,
        "Second Moment" : 0,
        "Zeroth Moment" : 0,
        "beta" : 10,
        "imag" : [ -0.1993664920507303, -0.4359443615627949, -0.5767286085491099, -0.6509263482178569, -0.6933856537330296, -0.7061357237802537, -0.6974931827431714, -0.6830490459446175, -0.656922706324365, -0.6384959338578948, -0.6191542351136894, -0.5887413278441533, -0.5579742201839633, -0.5354613261686065, -0.5350624844172245, -0.5019592318022159, -0.472759191595653, -0.4513066085685988, -0.4295734425570128, -0.4467526704888343, -0.3986128094304462, -0.3693253636434335, -0.3832471133723558, -0.3958573259973281, -0.3634531433445858, -0.3486142161662755, -0.3072081515769867, -0.301458009752821, -0.3646847618210174, -0.3180208661340522, -0.3350183622436766, -0.2814810242153989 ],
        "real" : [ 2.783721275229385, 2.775528429818354, 2.756689968575538, 2.734641708954074, 2.715091195665836, 2.692831969512679, 2.674818097632627, 2.668290068354351, 2.655684401636092, 2.653395938874981, 2.638429623716176, 2.629877848275185, 2.627801635250813, 2.619779037365566, 2.618900155567758, 2.605475406779631, 2.631693544738705, 2.612650662145642, 2.59708412916114, 2.599698868858925, 2.615056686492081, 2.611684486348179, 2.597065933086059, 2.6040319662635, 2.643496273811854, 2.547773591871081, 2.536310791796875, 2.581917750420979, 2.577677795695746, 2.658915013837649, 2.706489034056415, 2.59583968179721 ]
    },
    "PiPi" : {
        "First Moment" : 0,
        "Second Moment" : 0,
        "Zeroth Moment" : 0,
        "beta" : 10,
        "imag" : [ -0.186232218292294, -0.4208185721461111, -0.5639081009506643, -0.6461220270208088, -0.6859945220255748, -0.7004457650857479, -0.6993965126437978, -0.6880580641340783, -0.6667041878735587, -0.6442567233632115, -0.6239358345343717, -0.5925320589642542, -0.5741854589717157, -0.5552603424582898, -0.5179660254609679, -0.5126885773461769, -0.4665435263351743, -0.4371296693547553, -0.4340287246041381, -0.4480881395817704, -0.4306216446871822, -0.4137513192729614, -0.3851137358549561, -0.3773589116208029, -0.3516848059244477, -0.3536504483176373, -0.2912361836083797, -0.2778078242034852, -0.2850529548347467, -0.2494499533511174, -0.2740166082100366, -0.2393389466266029 ],
        "real" : [ 2.915769684292269, 2.906658267505737, 2.886027206779866, 2.859208348542236, 2.832481555738735, 2.807125744270737, 2.780336989140874, 2.765224075341003, 2.739587748944884, 2.726184167192347, 2.712584014637644, 2.696440522582523, 2.680726911969565, 2.676420725490778, 2.668152936917954, 2.662950033905172, 2.667130689912691, 2.629960951915908, 2.62135122586362, 2.621661498007125, 2.647288520594825, 2.636315661085535, 2.657146169513025, 2.665735035851365, 2.652460141676559, 2.639374066113744, 2.640730853248128, 2.676577473970537, 2.588290000173395, 2.60168054995844, 2.573472591611675, 2.543923305526722 ]
    }
}