{
    "00" : {
        "First Moment" : 0,
        "Second Moment" : 0,
        "Zeroth Moment" : 0,
        "beta" : 10,
        "imag" : [ -0.2407973423802315, -0.4939641234841807, -0.6322913666070913, -0.6992245244360102, -0.7344280856734908, -0.7397448964886313, -0.7376757835193262, -0.7153370331666276, -0.6932163928849864, -0.6568051231652214, -0.6236609295310753, -0.6191594339910429, -0.6088492148637137, -0.5658655595383486, -0.5646651978261108, -0.5611365511710034, -0.4855001273453681, -0.4859616915870841, -0.4107837221486967, -0.3980576395480444, -0.4185539590873937, -0.4041240470767296, -0.4478121977159244, -0.3940693264956554, -0.3655540157536148, -0.2924028581769953, -0.2985193454442623, -0.365309732674401, -0.1963450819610699, -0.2683259109623819, -0.2035031769736833, -0.3779672373562413 ],
        "real" : [ 2.400360458259127, 2.381943902907269, 2.374312098637984, 2.373709186192031, 2.376378691573544, 2.394178179903495, 2.397507387904223, 2.398779102530272, 2.415488297052235, 2.424113688078867, 2.446604567849217, 2.468848641658401, 2.480444834240038, 2.463171406561883, 2.483526720043447, 2.444632138954566, 2.460905522673684, 2.499564036737333, 2.466071583168421, 2.482463980149602, 2.539779056820976, 2.515831581731879, 2.550961265104358, 2.57195836680447, 2.498533204222454, 2.463912338180275, 2.581672510308757, 2.53292964628783, 2.569231961259162, 2.537601870184781, 2.794578714007098, 2.609743103796542 ]
    },
    "0Pi" : {
        "First Moment" : 0,
        "Second Moment" : 0,
        "Zeroth Moment" : 0,
        "beta" : 10,
        "imag" : [ -0.3345190226624808, -0.6025886433461487, -0.7323227124947422, -0.7830833563265132, -0.7948823627153723, -0.78999819860742, -0.7726796954130641, -0.7432573231797095, -0.7185072289177326, -0.6842775848959377, -0.6433655560866605, -0.6033792931626838, -0.5976723704844584, -0.5503063724134982, -0.5475845834027329, -0.5245684870533314, -0.493138276646615, -0.4968446598016367, -0.4275973534984487, -0.4448553385077023, -0.3789833718750231, -0.3563404855370003, -0.3937631182828394, -0.3800908018091516, -0.4338384294514466, -0.4157627845380567, -0.403859471205628, -0.3787948028589803, -0.3976694940875163, -0.2631370766561467, -0.2249084649235371, -0.2268709664117168 ],
        "real" : [ 2.562586627830636, 2.560276854822744, 2.556742452737186, 2.553125431831283, 2.549765448069694, 2.550876124921252, 2.54707639130783, 2.542025582753737, 2.547882376210064, 2.533097569552662, 2.538520483692014, 2.54184126840771, 2.543042782568704, 2.535324067927591, 2.545623140146153, 2.521769319756072, 2.550996994710545, 2.528332266623675, 2.588488437870339, 2.548677423932143, 2.563539585037255, 2.524594402164506, 2.536844693052013, 2.483389309138233, 2.538127525650611, 2.537217869213436, 2.532361773633486, 2.520739274576541, 2.543532403271324, 2.586828120337862, 2.577922812463026, 2.613069374869542 ]
    },
    "PiPi" : {
        "First Moment" : 0,
        "Second Moment" : 0,
        "Zeroth Moment" : 0,
        "beta" : 10,
        "imag" : [ -0.3091629155122912, -0.5916784610441959, -0.7289048919586301, -0.7865659418121353, -0.8024661261298736, -0.791889855295687, -0.776116566703414, -0.7410305828453936, -0.721244865322034, -0.6797680531349766, -0.636752585529246, -0.6251310592619106, -0.6029979917894703, -0.5582471402251663, -0.556484871669694, -0.5196826280412097, -0.5076293706127721, -0.4778297438624541, -0.4684331812188329, -0.4408993899721398, -0.4148382456375099, -0.4340325511016232, -0.3626663493139937, -0.3947416553218446, -0.3524628079290704, -0.3492602816408059, -0.3438177720944822, -0.3019721227247132, -0.328443636481083, -0.2975339996221891, -0.3315620539864312, -0.3549490566717175 ],
        "real" : [ 2.798865353345671, 2.774588630834844, 2.753379574532552, 2.730208159782806, 2.713116644368935, 2.690350553841639, 2.674678071468044, 2.656804039484574, 2.643834339928359, 2.641085517617635, 2.626896278429295, 2.598777060621039, 2.590905868903243, 2.577400080731707, 2.584803406339848, 2.548374445803467, 2.573006762468511, 2.59758122313876, 2.559524257793942, 2.58422567594623, 2.486944467229009, 2.569556490475729, 2.547126404884144, 2.548377655977997, 2.557985489622705, 2.556374625055633, 2.522851650588237, 2.504075256489374, 2.472334944076214, 2.506024053300026, 2.438192433271211, 2.483063959138561 ]
    }
}